REF_AREA,TIME_PERIOD,Exposure
ABW,2005,0.0
ABW,2006,0.0
ABW,2007,0.0
ABW,2008,0.0
ABW,2009,0.0
ABW,2010,0.0
ABW,2011,0.0
ABW,2012,0.0
ABW,2013,0.0
ABW,2014,0.0
ABW,2015,0.0
ABW,2016,0.0
ABW,2017,0.0
ABW,2018,0.0
ABW,2019,0.0
ABW,2020,0.0
ABW,2021,0.0
ABW,2022,0.0
ABW,2023,0.0
ABW,2024,0.0
AFG,2005,0.0
AFG,2006,0.0
AFG,2007,0.0
AFG,2008,0.00509497097221492
AFG,2009,0.00509497097221492
AFG,2010,0.00509497097221492
AFG,2011,0.00509497097221492
AFG,2012,0.00509497097221492
AFG,2013,0.00509497097221492
AFG,2014,0.00509497097221492
AFG,2015,0.00509497097221492
AFG,2016,0.00509497097221492
AFG,2017,0.00509497097221492
AFG,2018,0.00509497097221492
AFG,2019,0.00509497097221492
AFG,2020,0.00509497097221492
AFG,2021,0.00509497097221492
AFG,2022,0.00509497097221492
AFG,2023,0.00509497097221492
AFG,2024,0.00509497097221492
AGO,2005,0.0
AGO,2006,0.0
AGO,2007,0.0
AGO,2008,0.0
AGO,2009,0.0
AGO,2010,0.0
AGO,2011,0.0
AGO,2012,0.0
AGO,2013,0.0
AGO,2014,0.0
AGO,2015,0.0
AGO,2016,0.0
AGO,2017,0.0
AGO,2018,0.0
AGO,2019,0.0
AGO,2020,0.0
AGO,2021,0.0
AGO,2022,0.0
AGO,2023,0.0
AGO,2024,0.0
AIA,2005,0.0
AIA,2006,0.0
AIA,2007,0.0
AIA,2008,0.0
AIA,2009,0.0
AIA,2010,0.0
AIA,2011,0.0
AIA,2012,0.0
AIA,2013,0.0
AIA,2014,0.0
AIA,2015,0.0
AIA,2016,0.0
AIA,2017,0.0
AIA,2018,0.0
AIA,2019,0.0
AIA,2020,0.0
AIA,2021,0.0
AIA,2022,0.0
AIA,2023,0.0
AIA,2024,0.0
ALB,2005,0.3378418597654498
ALB,2006,6.145497807071054
ALB,2007,6.145891839059342
ALB,2008,6.145891839059342
ALB,2009,6.145891839059342
ALB,2010,6.145891839059342
ALB,2011,6.145891839059342
ALB,2012,6.145891839059342
ALB,2013,6.145891839059342
ALB,2014,6.145891839059342
ALB,2015,6.145891839059342
ALB,2016,6.145891839059342
ALB,2017,6.145891839059342
ALB,2018,6.145891839059342
ALB,2019,6.145891839059342
ALB,2020,6.145891839059342
ALB,2021,6.145891839059342
ALB,2022,6.145891839059342
ALB,2023,6.145891839059342
ALB,2024,6.145891839059342
ANT_F,2005,0.0
ANT_F,2006,0.0
ANT_F,2007,0.0
ANT_F,2008,0.0
ANT_F,2009,0.0
ANT_F,2010,0.0
ANT_F,2011,0.0
ANT_F,2012,0.0
ANT_F,2013,0.0
ANT_F,2014,0.0
ANT_F,2015,0.0
ANT_F,2016,0.0
ANT_F,2017,0.0
ANT_F,2018,0.0
ANT_F,2019,0.0
ANT_F,2020,0.0
ANT_F,2021,0.0
ANT_F,2022,0.0
ANT_F,2023,0.0
ANT_F,2024,0.0
ARE,2005,0.014769461523402461
ARE,2006,0.014769461523402461
ARE,2007,0.014769461523402461
ARE,2008,0.014769461523402461
ARE,2009,0.014769461523402461
ARE,2010,0.014769461523402461
ARE,2011,0.014769461523402461
ARE,2012,0.014769461523402461
ARE,2013,0.014769461523402461
ARE,2014,0.014769461523402461
ARE,2015,0.014769461523402461
ARE,2016,0.014769461523402461
ARE,2017,0.014769461523402461
ARE,2018,0.014769461523402461
ARE,2019,0.014769461523402461
ARE,2020,0.014769461523402461
ARE,2021,0.014769461523402461
ARE,2022,0.014769461523402461
ARE,2023,0.014769461523402461
ARE,2024,0.014769461523402461
ARG,2005,0.0
ARG,2006,0.0
ARG,2007,0.0
ARG,2008,0.0
ARG,2009,0.0
ARG,2010,0.0
ARG,2011,0.0
ARG,2012,0.0
ARG,2013,0.0
ARG,2014,0.0
ARG,2015,0.0
ARG,2016,0.0
ARG,2017,0.0
ARG,2018,0.0
ARG,2019,0.47768362285683896
ARG,2020,0.47768362285683896
ARG,2021,0.47768362285683896
ARG,2022,0.47768362285683896
ARG,2023,0.47768362285683896
ARG,2024,0.47768362285683896
ARM,2005,0.0
ARM,2006,0.0
ARM,2007,0.0
ARM,2008,0.0
ARM,2009,0.0
ARM,2010,0.0
ARM,2011,0.0
ARM,2012,0.0
ARM,2013,0.0
ARM,2014,0.0
ARM,2015,0.014441770523740481
ARM,2016,0.014441770523740481
ARM,2017,0.014441770523740481
ARM,2018,4.6732573586077315
ARM,2019,4.6732573586077315
ARM,2020,4.6732573586077315
ARM,2021,4.6732573586077315
ARM,2022,4.6732573586077315
ARM,2023,4.6732573586077315
ARM,2024,4.6732573586077315
ATG,2005,0.0
ATG,2006,0.0
ATG,2007,0.0
ATG,2008,0.0
ATG,2009,0.0
ATG,2010,0.0
ATG,2011,0.0
ATG,2012,0.0
ATG,2013,0.0
ATG,2014,0.0
ATG,2015,0.0
ATG,2016,0.0
ATG,2017,0.0
ATG,2018,0.0
ATG,2019,0.0
ATG,2020,0.0
ATG,2021,0.0
ATG,2022,0.0
ATG,2023,0.0
ATG,2024,0.0
AUS,2005,4.608356070294024
AUS,2006,4.608356070294024
AUS,2007,4.608356070294024
AUS,2008,4.608356070294024
AUS,2009,4.665795327066
AUS,2010,4.665795327066
AUS,2011,4.665795327066
AUS,2012,4.665795327066
AUS,2013,4.943914007922176
AUS,2014,5.094980327472463
AUS,2015,6.08998017657159
AUS,2016,6.08998017657159
AUS,2017,6.862552358846527
AUS,2018,6.864372902527137
AUS,2019,6.864372902527137
AUS,2020,9.181021408998463
AUS,2021,9.181021408998463
AUS,2022,9.181021408998463
AUS,2023,9.181021408998463
AUS,2024,9.181021408998463
AUT,2005,0.06463317602163023
AUT,2006,0.07811980852215963
AUT,2007,0.07811980852215963
AUT,2008,0.09962773813744072
AUT,2009,0.09962773813744072
AUT,2010,0.09962773813744072
AUT,2011,0.14057665064775382
AUT,2012,0.14058014742874625
AUT,2013,0.17360159920068136
AUT,2014,0.17544633828311695
AUT,2015,0.17544633828311695
AUT,2016,0.18163454682463256
AUT,2017,0.23959955899736665
AUT,2018,0.24093790983307617
AUT,2019,0.31657016153154227
AUT,2020,0.31657016153154227
AUT,2021,0.31657016153154227
AUT,2022,0.31657016153154227
AUT,2023,0.31657016153154227
AUT,2024,0.31657016153154227
AZE,2005,0.0
AZE,2006,0.0
AZE,2007,0.0
AZE,2008,0.003884631470904688
AZE,2009,0.003884631470904688
AZE,2010,0.003884631470904688
AZE,2011,0.003884631470904688
AZE,2012,0.003884631470904688
AZE,2013,0.003884631470904688
AZE,2014,0.003884631470904688
AZE,2015,0.003884631470904688
AZE,2016,0.003884631470904688
AZE,2017,0.003884631470904688
AZE,2018,0.003884631470904688
AZE,2019,0.003884631470904688
AZE,2020,0.003884631470904688
AZE,2021,0.003884631470904688
AZE,2022,0.003884631470904688
AZE,2023,0.003884631470904688
AZE,2024,0.003884631470904688
BDI,2005,0.0
BDI,2006,0.0
BDI,2007,0.0
BDI,2008,0.0
BDI,2009,0.0
BDI,2010,0.0
BDI,2011,0.0
BDI,2012,0.0
BDI,2013,0.0
BDI,2014,0.0
BDI,2015,0.0
BDI,2016,0.0
BDI,2017,0.0
BDI,2018,0.0
BDI,2019,0.0
BDI,2020,0.0
BDI,2021,0.0
BDI,2022,0.0
BDI,2023,0.0
BDI,2024,0.0
BEL,2005,0.057635725742635056
BEL,2006,0.06192915402151386
BEL,2007,0.06192915402151386
BEL,2008,0.06318533855623289
BEL,2009,0.06318533855623289
BEL,2010,0.06318533855623289
BEL,2011,0.09853213746032398
BEL,2012,0.09857856163222553
BEL,2013,0.10291706326720994
BEL,2014,0.10665958997804555
BEL,2015,0.10665958997804555
BEL,2016,0.11545881691187247
BEL,2017,0.1769568009440049
BEL,2018,0.17745874063016995
BEL,2019,0.46578129802641305
BEL,2020,0.46578129802641305
BEL,2021,0.46578129802641305
BEL,2022,0.46578129802641305
BEL,2023,0.46578129802641305
BEL,2024,0.46578129802641305
BEN,2005,0.0
BEN,2006,0.0
BEN,2007,0.0
BEN,2008,0.0
BEN,2009,0.0
BEN,2010,0.0
BEN,2011,0.0
BEN,2012,0.0
BEN,2013,0.0
BEN,2014,0.0
BEN,2015,0.0
BEN,2016,0.0
BEN,2017,0.0
BEN,2018,0.0
BEN,2019,0.0
BEN,2020,0.0
BEN,2021,0.0
BEN,2022,0.0
BEN,2023,0.0
BEN,2024,0.0
BFA,2005,0.0
BFA,2006,0.0
BFA,2007,0.0
BFA,2008,0.0
BFA,2009,0.0
BFA,2010,0.0
BFA,2011,0.0
BFA,2012,0.0
BFA,2013,0.0
BFA,2014,0.0
BFA,2015,0.0
BFA,2016,0.0
BFA,2017,0.0
BFA,2018,0.0
BFA,2019,0.0
BFA,2020,0.0
BFA,2021,0.0
BFA,2022,0.0
BFA,2023,0.0
BFA,2024,0.0
BGD,2005,0.0
BGD,2006,0.0
BGD,2007,0.0
BGD,2008,0.0
BGD,2009,0.0
BGD,2010,0.0
BGD,2011,0.0
BGD,2012,0.0
BGD,2013,0.0
BGD,2014,0.0
BGD,2015,0.0
BGD,2016,0.0
BGD,2017,0.0
BGD,2018,0.0
BGD,2019,0.0
BGD,2020,0.0
BGD,2021,0.0
BGD,2022,0.0
BGD,2023,0.0
BGD,2024,0.0
BGR,2005,0.1074569842579297
BGR,2006,0.1297347038117499
BGR,2007,0.1297347038117499
BGR,2008,0.13148716813130334
BGR,2009,0.13148716813130334
BGR,2010,0.13148716813130334
BGR,2011,0.20533927866264645
BGR,2012,0.2055201191598284
BGR,2013,0.30808391126955614
BGR,2014,0.3121941144193537
BGR,2015,0.3121941144193537
BGR,2016,0.3449623178471059
BGR,2017,0.4630264325359339
BGR,2018,0.46630384347153436
BGR,2019,0.5515790322196582
BGR,2020,0.5515790322196582
BGR,2021,0.5515790322196582
BGR,2022,0.5515790322196582
BGR,2023,0.5515790322196582
BGR,2024,0.5515790322196582
BHR,2005,0.5950764246893865
BHR,2006,2.6366838838714917
BHR,2007,2.6366838838714917
BHR,2008,2.6366838838714917
BHR,2009,2.6366838838714917
BHR,2010,2.6366838838714917
BHR,2011,2.6366838838714917
BHR,2012,2.6366838838714917
BHR,2013,2.6366838838714917
BHR,2014,2.6366838838714917
BHR,2015,2.6366838838714917
BHR,2016,2.6366838838714917
BHR,2017,2.6366838838714917
BHR,2018,2.6366838838714917
BHR,2019,2.6366838838714917
BHR,2020,2.6366838838714917
BHR,2021,2.6366838838714917
BHR,2022,2.6366838838714917
BHR,2023,2.6366838838714917
BHR,2024,2.6366838838714917
BHS,2005,0.0
BHS,2006,0.0
BHS,2007,0.0
BHS,2008,0.0
BHS,2009,0.0
BHS,2010,0.0
BHS,2011,0.0
BHS,2012,0.0
BHS,2013,0.0
BHS,2014,0.0
BHS,2015,0.0
BHS,2016,0.0
BHS,2017,0.0
BHS,2018,0.0
BHS,2019,0.0
BHS,2020,0.0
BHS,2021,0.0
BHS,2022,0.0
BHS,2023,0.0
BHS,2024,0.0
BIH,2005,0.19930919946461065
BIH,2006,0.19930919946461065
BIH,2007,0.2004453620722136
BIH,2008,8.852042618395043
BIH,2009,8.852042618395043
BIH,2010,8.852042618395043
BIH,2011,8.852042618395043
BIH,2012,8.852042618395043
BIH,2013,8.852042618395043
BIH,2014,8.852042618395043
BIH,2015,8.852042618395043
BIH,2016,8.852042618395043
BIH,2017,8.852042618395043
BIH,2018,8.852042618395043
BIH,2019,8.852042618395043
BIH,2020,8.852042618395043
BIH,2021,8.852042618395043
BIH,2022,8.852042618395043
BIH,2023,8.852042618395043
BIH,2024,8.852042618395043
BLR,2005,0.0
BLR,2006,0.0
BLR,2007,0.0
BLR,2008,0.0
BLR,2009,0.0
BLR,2010,0.0
BLR,2011,0.0
BLR,2012,0.0
BLR,2013,0.0
BLR,2014,0.0
BLR,2015,0.00401350433641992
BLR,2016,0.00401350433641992
BLR,2017,0.00401350433641992
BLR,2018,0.00401350433641992
BLR,2019,0.00401350433641992
BLR,2020,0.00401350433641992
BLR,2021,0.00401350433641992
BLR,2022,0.00401350433641992
BLR,2023,0.00401350433641992
BLR,2024,0.00401350433641992
BLZ,2005,0.0
BLZ,2006,0.0
BLZ,2007,0.0
BLZ,2008,0.0
BLZ,2009,0.0
BLZ,2010,0.0
BLZ,2011,0.0
BLZ,2012,0.0
BLZ,2013,0.0
BLZ,2014,0.0
BLZ,2015,0.0
BLZ,2016,0.0
BLZ,2017,0.0
BLZ,2018,0.0
BLZ,2019,0.0
BLZ,2020,0.0
BLZ,2021,0.0
BLZ,2022,0.0
BLZ,2023,0.0
BLZ,2024,0.0
BMU,2005,0.0
BMU,2006,0.0
BMU,2007,0.0
BMU,2008,0.0
BMU,2009,0.0
BMU,2010,0.0
BMU,2011,0.0
BMU,2012,0.0
BMU,2013,0.0
BMU,2014,0.0
BMU,2015,0.0
BMU,2016,0.0
BMU,2017,0.0
BMU,2018,0.0
BMU,2019,0.0
BMU,2020,0.0
BMU,2021,0.0
BMU,2022,0.0
BMU,2023,0.0
BMU,2024,0.0
BOL,2005,0.0
BOL,2006,0.06736708376233888
BOL,2007,0.06736708376233888
BOL,2008,0.06736708376233888
BOL,2009,0.06736708376233888
BOL,2010,0.06736708376233888
BOL,2011,0.06736708376233888
BOL,2012,0.06736708376233888
BOL,2013,0.06736708376233888
BOL,2014,0.06736708376233888
BOL,2015,0.06736708376233888
BOL,2016,0.06736708376233888
BOL,2017,0.06736708376233888
BOL,2018,0.06736708376233888
BOL,2019,0.06736708376233888
BOL,2020,0.06736708376233888
BOL,2021,0.06736708376233888
BOL,2022,0.06736708376233888
BOL,2023,0.06736708376233888
BOL,2024,0.06736708376233888
BRA,2005,0.0
BRA,2006,0.0
BRA,2007,0.0
BRA,2008,0.0
BRA,2009,0.0
BRA,2010,0.0
BRA,2011,0.0
BRA,2012,0.0
BRA,2013,0.0
BRA,2014,0.0
BRA,2015,0.0
BRA,2016,0.0
BRA,2017,0.0
BRA,2018,0.0
BRA,2019,0.0
BRA,2020,0.08450061679487876
BRA,2021,0.08450061679487876
BRA,2022,0.08450061679487876
BRA,2023,0.08450061679487876
BRA,2024,0.08450061679487876
BRB,2005,0.0
BRB,2006,0.0
BRB,2007,0.0
BRB,2008,0.0
BRB,2009,0.0
BRB,2010,0.0
BRB,2011,0.0
BRB,2012,0.0
BRB,2013,0.0
BRB,2014,0.0
BRB,2015,0.0
BRB,2016,0.0
BRB,2017,0.0
BRB,2018,0.0
BRB,2019,0.0
BRB,2020,0.0
BRB,2021,0.0
BRB,2022,0.0
BRB,2023,0.0
BRB,2024,0.0
BRN,2005,0.30343234921776574
BRN,2006,0.3185584791382195
BRN,2007,0.3185584791382195
BRN,2008,0.3185584791382195
BRN,2009,0.3185584791382195
BRN,2010,0.3185584791382195
BRN,2011,0.3185584791382195
BRN,2012,0.3185584791382195
BRN,2013,0.3185584791382195
BRN,2014,0.3185584791382195
BRN,2015,0.3185584791382195
BRN,2016,0.3185584791382195
BRN,2017,0.3185584791382195
BRN,2018,0.5026288248415164
BRN,2019,0.5026288248415164
BRN,2020,0.5026288248415164
BRN,2021,0.5026288248415164
BRN,2022,0.5026288248415164
BRN,2023,0.5026288248415164
BRN,2024,0.5026288248415164
BTN,2005,0.0
BTN,2006,0.0
BTN,2007,0.0
BTN,2008,0.0
BTN,2009,0.0
BTN,2010,0.0
BTN,2011,0.0
BTN,2012,0.0
BTN,2013,0.0
BTN,2014,0.0
BTN,2015,0.0
BTN,2016,0.0
BTN,2017,0.0
BTN,2018,0.0
BTN,2019,0.0
BTN,2020,0.0
BTN,2021,0.0
BTN,2022,0.0
BTN,2023,0.0
BTN,2024,0.0
BWA,2005,0.0
BWA,2006,0.0
BWA,2007,0.0
BWA,2008,0.0
BWA,2009,0.0
BWA,2010,0.0
BWA,2011,0.0
BWA,2012,0.0
BWA,2013,0.0
BWA,2014,0.0
BWA,2015,0.0
BWA,2016,0.0
BWA,2017,0.0
BWA,2018,0.0
BWA,2019,0.0
BWA,2020,0.0
BWA,2021,0.0
BWA,2022,0.0
BWA,2023,0.0
BWA,2024,0.0
CAF,2005,0.0
CAF,2006,0.0
CAF,2007,0.0
CAF,2008,0.0
CAF,2009,0.0
CAF,2010,0.0
CAF,2011,0.0
CAF,2012,0.0
CAF,2013,0.0
CAF,2014,0.0
CAF,2015,0.0
CAF,2016,0.0
CAF,2017,0.0
CAF,2018,0.0
CAF,2019,0.0
CAF,2020,0.0
CAF,2021,0.0
CAF,2022,0.0
CAF,2023,0.0
CAF,2024,0.0
CAN,2005,0.005900206890513247
CAN,2006,0.005900206890513247
CAN,2007,0.005900206890513247
CAN,2008,0.005900206890513247
CAN,2009,0.022560848823913734
CAN,2010,0.022560848823913734
CAN,2011,0.03659496631693986
CAN,2012,0.03898092475496549
CAN,2013,0.049543569640533414
CAN,2014,0.05079339832134025
CAN,2015,0.12471967435118977
CAN,2016,0.12471967435118977
CAN,2017,1.8446135557902865
CAN,2018,1.8446135557902865
CAN,2019,1.8446135557902865
CAN,2020,1.8446135557902865
CAN,2021,1.8446135557902865
CAN,2022,1.8446135557902865
CAN,2023,1.8446135557902865
CAN,2024,1.8446135557902865
CHE,2005,0.0
CHE,2006,0.0
CHE,2007,0.0
CHE,2008,0.0
CHE,2009,0.3862069014467851
CHE,2010,0.3862069014467851
CHE,2011,0.3862069014467851
CHE,2012,0.3862069014467851
CHE,2013,0.3862069014467851
CHE,2014,0.5844002110109986
CHE,2015,0.5844002110109986
CHE,2016,0.5844002110109986
CHE,2017,0.5844002110109986
CHE,2018,0.5844002110109986
CHE,2019,0.5844002110109986
CHE,2020,0.5844002110109986
CHE,2021,0.5844002110109986
CHE,2022,0.5844002110109986
CHE,2023,0.5844002110109986
CHE,2024,0.5844002110109986
CHL,2005,6.846058690015843
CHL,2006,7.097408661893546
CHL,2007,7.586654442149852
CHL,2008,7.586654442149852
CHL,2009,8.035635822440337
CHL,2010,8.035635822440337
CHL,2011,8.05439253976076
CHL,2012,8.05439253976076
CHL,2013,8.05439253976076
CHL,2014,8.05439253976076
CHL,2015,8.10899902563341
CHL,2016,8.163680397362203
CHL,2017,8.163680397362203
CHL,2018,8.17949126697377
CHL,2019,8.885173771562192
CHL,2020,9.113234713834203
CHL,2021,9.113234713834203
CHL,2022,9.113234713834203
CHL,2023,9.113234713834203
CHL,2024,9.113234713834203
CHN,2005,2.1686757370745684
CHN,2006,2.1925118221480964
CHN,2007,2.1925118221480964
CHN,2008,2.206046260497793
CHN,2009,2.206046260497793
CHN,2010,2.210864109127039
CHN,2011,2.2122341002920245
CHN,2012,2.2122341002920245
CHN,2013,2.2122341002920245
CHN,2014,2.428137285044992
CHN,2015,2.8546979935333554
CHN,2016,2.8546979935333554
CHN,2017,2.8546979935333554
CHN,2018,2.8566362552114843
CHN,2019,2.8566362552114843
CHN,2020,2.8566362552114843
CHN,2021,2.8566362552114843
CHN,2022,2.8566362552114843
CHN,2023,2.8566362552114843
CHN,2024,2.8566362552114843
CIV,2005,0.0
CIV,2006,0.0
CIV,2007,0.0
CIV,2008,0.0
CIV,2009,0.0
CIV,2010,0.0
CIV,2011,0.0
CIV,2012,0.0
CIV,2013,0.0
CIV,2014,0.0
CIV,2015,0.0
CIV,2016,4.655719684916064
CIV,2017,4.655719684916064
CIV,2018,4.655719684916064
CIV,2019,4.655719684916064
CIV,2020,4.655719684916064
CIV,2021,4.655719684916064
CIV,2022,4.655719684916064
CIV,2023,4.655719684916064
CIV,2024,4.655719684916064
CMR,2005,0.0
CMR,2006,0.0
CMR,2007,0.0
CMR,2008,0.0
CMR,2009,0.0
CMR,2010,0.0
CMR,2011,0.0
CMR,2012,0.0
CMR,2013,0.0
CMR,2014,6.0812593779268775
CMR,2015,6.0812593779268775
CMR,2016,6.0812593779268775
CMR,2017,6.0812593779268775
CMR,2018,6.0812593779268775
CMR,2019,6.0812593779268775
CMR,2020,6.0812593779268775
CMR,2021,6.0812593779268775
CMR,2022,6.0812593779268775
CMR,2023,6.0812593779268775
CMR,2024,6.0812593779268775
COD,2005,0.0
COD,2006,0.0
COD,2007,0.0
COD,2008,0.0
COD,2009,0.0
COD,2010,0.0
COD,2011,0.0
COD,2012,0.0
COD,2013,0.0
COD,2014,0.0
COD,2015,0.0
COD,2016,0.0
COD,2017,0.0
COD,2018,0.0
COD,2019,0.0
COD,2020,0.0
COD,2021,0.0
COD,2022,0.0
COD,2023,0.0
COD,2024,0.0
COG,2005,0.0
COG,2006,0.0
COG,2007,0.0
COG,2008,0.0
COG,2009,0.0
COG,2010,0.0
COG,2011,0.0
COG,2012,0.0
COG,2013,0.0
COG,2014,0.0
COG,2015,0.0
COG,2016,0.0
COG,2017,0.0
COG,2018,0.0
COG,2019,0.0
COG,2020,0.0
COG,2021,0.0
COG,2022,0.0
COG,2023,0.0
COG,2024,0.0
COL,2005,0.13613930339570252
COL,2006,0.13613930339570252
COL,2007,0.13613930339570252
COL,2008,0.13613930339570252
COL,2009,0.3403544252763056
COL,2010,0.3403544252763056
COL,2011,0.6212801081887155
COL,2012,6.20365934602508
COL,2013,9.547173116721481
COL,2014,9.547173116721481
COL,2015,9.547173116721481
COL,2016,9.774198609026765
COL,2017,9.774198609026765
COL,2018,9.774198609026765
COL,2019,9.774198609026765
COL,2020,9.795888483472114
COL,2021,9.795888483472114
COL,2022,9.795888483472114
COL,2023,9.795888483472114
COL,2024,9.795888483472114
COM,2005,0.0
COM,2006,0.0
COM,2007,0.0
COM,2008,0.0
COM,2009,0.0
COM,2010,0.0
COM,2011,0.0
COM,2012,4.065303085073344
COM,2013,4.065303085073344
COM,2014,4.065303085073344
COM,2015,4.065303085073344
COM,2016,4.065303085073344
COM,2017,4.065303085073344
COM,2018,4.065303085073344
COM,2019,4.065303085073344
COM,2020,4.065303085073344
COM,2021,4.065303085073344
COM,2022,4.065303085073344
COM,2023,4.065303085073344
COM,2024,4.065303085073344
CPV,2005,0.0
CPV,2006,0.0
CPV,2007,0.0
CPV,2008,0.0
CPV,2009,0.0
CPV,2010,0.0
CPV,2011,0.0
CPV,2012,0.0
CPV,2013,0.0
CPV,2014,0.0
CPV,2015,0.0
CPV,2016,0.0
CPV,2017,0.0
CPV,2018,0.0
CPV,2019,0.0
CPV,2020,0.0
CPV,2021,0.0
CPV,2022,0.0
CPV,2023,0.0
CPV,2024,0.0
CRI,2005,0.2727379557323559
CRI,2006,0.28657942630561595
CRI,2007,0.28657942630561595
CRI,2008,0.28657942630561595
CRI,2009,0.28657942630561595
CRI,2010,0.28657942630561595
CRI,2011,0.33042663665940714
CRI,2012,0.33042663665940714
CRI,2013,1.4715379204732746
CRI,2014,1.4715379204732746
CRI,2015,1.4715379204732746
CRI,2016,1.5210836000950396
CRI,2017,1.5210836000950396
CRI,2018,1.5210836000950396
CRI,2019,1.521522628962996
CRI,2020,1.521522628962996
CRI,2021,1.521522628962996
CRI,2022,1.521522628962996
CRI,2023,1.521522628962996
CRI,2024,1.521522628962996
CUB,2005,0.0
CUB,2006,0.0
CUB,2007,0.0
CUB,2008,0.0
CUB,2009,0.0
CUB,2010,0.0
CUB,2011,0.0
CUB,2012,0.0
CUB,2013,0.0
CUB,2014,0.0
CUB,2015,0.0
CUB,2016,0.0
CUB,2017,0.0
CUB,2018,0.0
CUB,2019,0.0
CUB,2020,0.0
CUB,2021,0.0
CUB,2022,0.0
CUB,2023,0.0
CUB,2024,0.0
CYM,2005,0.0
CYM,2006,0.0
CYM,2007,0.0
CYM,2008,0.0
CYM,2009,0.0
CYM,2010,0.0
CYM,2011,0.0
CYM,2012,0.0
CYM,2013,0.0
CYM,2014,0.0
CYM,2015,0.0
CYM,2016,0.0
CYM,2017,0.0
CYM,2018,0.0
CYM,2019,0.0
CYM,2020,0.0
CYM,2021,0.0
CYM,2022,0.0
CYM,2023,0.0
CYM,2024,0.0
CYP,2005,0.0621430295076275
CYP,2006,0.1286933191631922
CYP,2007,0.1286933191631922
CYP,2008,0.13075343165562633
CYP,2009,0.13075343165562633
CYP,2010,0.13075343165562633
CYP,2011,0.17258102039818463
CYP,2012,0.17268141921806177
CYP,2013,0.19871512233112837
CYP,2014,0.20106488854765836
CYP,2015,0.20106488854765836
CYP,2016,0.21568369169988433
CYP,2017,0.32401392956394104
CYP,2018,0.3260856548047616
CYP,2019,0.7795577029686928
CYP,2020,0.7795577029686928
CYP,2021,0.7795577029686928
CYP,2022,0.7795577029686928
CYP,2023,0.7795577029686928
CYP,2024,0.7795577029686928
CZE,2005,0.03739060191678238
CZE,2006,0.04329435872516458
CZE,2007,0.04329435872516458
CZE,2008,0.052981401144851344
CZE,2009,0.052981401144851344
CZE,2010,0.052981401144851344
CZE,2011,0.09677640337311283
CZE,2012,0.09678203797868286
CZE,2013,0.13027629456307646
CZE,2014,0.13572341154016848
CZE,2015,0.13572341154016848
CZE,2016,0.14792299596148725
CZE,2017,0.3092048573820685
CZE,2018,0.31055530976010304
CZE,2019,0.3742168947857063
CZE,2020,0.3742168947857063
CZE,2021,0.3742168947857063
CZE,2022,0.3742168947857063
CZE,2023,0.3742168947857063
CZE,2024,0.3742168947857063
DEU,2005,0.08536759656263708
DEU,2006,0.09377890677496345
DEU,2007,0.09377890677496345
DEU,2008,0.10780762222463629
DEU,2009,0.10780762222463629
DEU,2010,0.10780762222463629
DEU,2011,0.18505777884456154
DEU,2012,0.18507153387283706
DEU,2013,0.20446492229554303
DEU,2014,0.20853069040257707
DEU,2015,0.20853069040257707
DEU,2016,0.21705394309465595
DEU,2017,0.3309276161720486
DEU,2018,0.3318947902223942
DEU,2019,0.7830143399043634
DEU,2020,0.7830143399043634
DEU,2021,0.7830143399043634
DEU,2022,0.7830143399043634
DEU,2023,0.7830143399043634
DEU,2024,0.7830143399043634
DJI,2005,0.0
DJI,2006,0.0
DJI,2007,0.0
DJI,2008,0.0
DJI,2009,0.0
DJI,2010,0.0
DJI,2011,0.0
DJI,2012,0.0
DJI,2013,0.0
DJI,2014,0.0
DJI,2015,0.0
DJI,2016,0.0
DJI,2017,0.0
DJI,2018,0.0
DJI,2019,0.0
DJI,2020,0.0
DJI,2021,0.0
DJI,2022,0.0
DJI,2023,0.0
DJI,2024,0.0
DMA,2005,0.0
DMA,2006,0.0
DMA,2007,0.0
DMA,2008,0.0
DMA,2009,0.0
DMA,2010,0.0
DMA,2011,0.0
DMA,2012,0.0
DMA,2013,0.0
DMA,2014,0.0
DMA,2015,0.0
DMA,2016,0.0
DMA,2017,0.0
DMA,2018,0.0
DMA,2019,0.0
DMA,2020,0.0
DMA,2021,0.0
DMA,2022,0.0
DMA,2023,0.0
DMA,2024,0.0
DNK,2005,0.05683499213240246
DNK,2006,0.06682758621710964
DNK,2007,0.06682758621710964
DNK,2008,0.06914251704245111
DNK,2009,0.06914251704245111
DNK,2010,0.06914251704245111
DNK,2011,0.24370717531032565
DNK,2012,0.24371085783675472
DNK,2013,0.26894303147929405
DNK,2014,0.272036087915027
DNK,2015,0.272036087915027
DNK,2016,0.28498581418599567
DNK,2017,0.38125564842338433
DNK,2018,0.38165428344339325
DNK,2019,0.6678878622765946
DNK,2020,0.6678878622765946
DNK,2021,0.6678878622765946
DNK,2022,0.6678878622765946
DNK,2023,0.6678878622765946
DNK,2024,0.6678878622765946
DOM,2005,0.0
DOM,2006,0.0
DOM,2007,0.0
DOM,2008,0.0
DOM,2009,0.0
DOM,2010,0.0
DOM,2011,0.0
DOM,2012,0.0
DOM,2013,0.0
DOM,2014,0.0
DOM,2015,0.0
DOM,2016,0.0
DOM,2017,0.0
DOM,2018,0.0
DOM,2019,0.0
DOM,2020,0.0
DOM,2021,0.0
DOM,2022,0.0
DOM,2023,0.0
DOM,2024,0.0
DZA,2005,3.742273061498211
DZA,2006,3.742273061498211
DZA,2007,3.742273061498211
DZA,2008,3.742273061498211
DZA,2009,3.742273061498211
DZA,2010,3.742273061498211
DZA,2011,3.742273061498211
DZA,2012,3.742273061498211
DZA,2013,3.742273061498211
DZA,2014,3.742273061498211
DZA,2015,3.742273061498211
DZA,2016,3.742273061498211
DZA,2017,3.742273061498211
DZA,2018,3.742273061498211
DZA,2019,3.742273061498211
DZA,2020,3.742273061498211
DZA,2021,3.742273061498211
DZA,2022,3.742273061498211
DZA,2023,3.742273061498211
DZA,2024,3.742273061498211
ECU,2005,0.16950994198566882
ECU,2006,0.16950994198566882
ECU,2007,0.16950994198566882
ECU,2008,0.16950994198566882
ECU,2009,0.16950994198566882
ECU,2010,0.16950994198566882
ECU,2011,0.16950994198566882
ECU,2012,0.16950994198566882
ECU,2013,0.16950994198566882
ECU,2014,0.16950994198566882
ECU,2015,0.16950994198566882
ECU,2016,0.16950994198566882
ECU,2017,0.16950994198566882
ECU,2018,0.16950994198566882
ECU,2019,0.16950994198566882
ECU,2020,0.16950994198566882
ECU,2021,0.16950994198566882
ECU,2022,0.16950994198566882
ECU,2023,0.16950994198566882
ECU,2024,0.16950994198566882
EGY,2005,0.0
EGY,2006,0.0
EGY,2007,0.0
EGY,2008,0.0
EGY,2009,0.0
EGY,2010,0.0
EGY,2011,0.0
EGY,2012,0.0
EGY,2013,0.0
EGY,2014,0.0
EGY,2015,0.0
EGY,2016,0.0
EGY,2017,0.0
EGY,2018,0.0
EGY,2019,0.0
EGY,2020,0.0
EGY,2021,0.0
EGY,2022,0.0
EGY,2023,0.0
EGY,2024,0.0
ERI,2005,0.0
ERI,2006,0.0
ERI,2007,0.0
ERI,2008,0.0
ERI,2009,0.0
ERI,2010,0.0
ERI,2011,0.0
ERI,2012,0.0
ERI,2013,0.0
ERI,2014,0.0
ERI,2015,0.0
ERI,2016,0.0
ERI,2017,0.0
ERI,2018,0.0
ERI,2019,0.0
ERI,2020,0.0
ERI,2021,0.0
ERI,2022,0.0
ERI,2023,0.0
ERI,2024,0.0
ESP,2005,0.3279124692821366
ESP,2006,0.34190569205983606
ESP,2007,0.34190569205983606
ESP,2008,0.34318197447800847
ESP,2009,0.34318197447800847
ESP,2010,0.34318197447800847
ESP,2011,0.40047690770963174
ESP,2012,0.4010604751841763
ESP,2013,0.453160765860865
ESP,2014,0.4560924405843094
ESP,2015,0.4560924405843094
ESP,2016,0.4614692708545236
ESP,2017,0.5273260319208415
ESP,2018,0.5279602991362189
ESP,2019,0.6551982918190511
ESP,2020,0.6551982918190511
ESP,2021,0.6551982918190511
ESP,2022,0.6551982918190511
ESP,2023,0.6551982918190511
ESP,2024,0.6551982918190511
EST,2005,0.017366744418536844
EST,2006,0.0192553851357149
EST,2007,0.0192553851357149
EST,2008,0.020513949018617732
EST,2009,0.020513949018617732
EST,2010,0.020513949018617732
EST,2011,0.035591119450376726
EST,2012,0.03559467225354492
EST,2013,0.03818702350104248
EST,2014,0.0395112624425964
EST,2015,0.0395112624425964
EST,2016,0.05344788228212339
EST,2017,0.14120592526045084
EST,2018,0.14179002884202158
EST,2019,0.19740625153321117
EST,2020,0.19740625153321117
EST,2021,0.19740625153321117
EST,2022,0.19740625153321117
EST,2023,0.19740625153321117
EST,2024,0.19740625153321117
ETH,2005,0.0
ETH,2006,0.0
ETH,2007,0.0
ETH,2008,0.0
ETH,2009,0.0
ETH,2010,0.0
ETH,2011,0.0
ETH,2012,0.0
ETH,2013,0.0
ETH,2014,0.0
ETH,2015,0.0
ETH,2016,0.0
ETH,2017,0.0
ETH,2018,0.0
ETH,2019,0.0
ETH,2020,0.0
ETH,2021,0.0
ETH,2022,0.0
ETH,2023,0.0
ETH,2024,0.0
EU27_2020,2005,0.0
EU27_2020,2006,0.0
EU27_2020,2007,0.0
EU27_2020,2008,0.0
EU27_2020,2009,0.0
EU27_2020,2010,0.0
EU27_2020,2011,0.0
EU27_2020,2012,0.0
EU27_2020,2013,0.0
EU27_2020,2014,0.0
EU27_2020,2015,0.0
EU27_2020,2016,0.0
EU27_2020,2017,0.0
EU27_2020,2018,0.0
EU27_2020,2019,0.0
EU27_2020,2020,0.0
EU27_2020,2021,0.0
EU27_2020,2022,0.0
EU27_2020,2023,0.0
EU27_2020,2024,0.0
FIN,2005,0.15586780379953494
FIN,2006,0.1706270021275886
FIN,2007,0.1706270021275886
FIN,2008,0.17250961503877443
FIN,2009,0.17250961503877443
FIN,2010,0.17250961503877443
FIN,2011,0.26647079271077023
FIN,2012,0.2664728544617489
FIN,2013,0.31746962859476974
FIN,2014,0.3238712987078382
FIN,2015,0.3238712987078382
FIN,2016,0.33806732063170064
FIN,2017,0.6078660034744215
FIN,2018,0.6135464301388218
FIN,2019,0.7824773784903393
FIN,2020,0.7824773784903393
FIN,2021,0.7824773784903393
FIN,2022,0.7824773784903393
FIN,2023,0.7824773784903393
FIN,2024,0.7824773784903393
FJI,2005,0.0
FJI,2006,0.0
FJI,2007,0.0
FJI,2008,0.0
FJI,2009,0.0
FJI,2010,0.0
FJI,2011,0.0
FJI,2012,0.0
FJI,2013,0.0
FJI,2014,0.0
FJI,2015,0.0
FJI,2016,0.0
FJI,2017,0.0
FJI,2018,0.0
FJI,2019,0.0
FJI,2020,0.0
FJI,2021,0.0
FJI,2022,0.0
FJI,2023,0.0
FJI,2024,0.0
FRA,2005,0.11543941333854538
FRA,2006,0.14348742845664075
FRA,2007,0.14348742845664075
FRA,2008,0.1459265367288134
FRA,2009,0.1459265367288134
FRA,2010,0.1459265367288134
FRA,2011,0.2531235051216627
FRA,2012,0.25328932510025726
FRA,2013,0.2669672277542078
FRA,2014,0.2969341910049733
FRA,2015,0.2969341910049733
FRA,2016,0.3096607455798044
FRA,2017,0.44656057286309964
FRA,2018,0.4473461973792582
FRA,2019,0.6597421421346826
FRA,2020,0.6597421421346826
FRA,2021,0.6597421421346826
FRA,2022,0.6597421421346826
FRA,2023,0.6597421421346826
FRA,2024,0.6597421421346826
FRO,2005,0.0
FRO,2006,0.0
FRO,2007,0.0
FRO,2008,0.0
FRO,2009,0.0
FRO,2010,0.0
FRO,2011,0.0
FRO,2012,0.0
FRO,2013,0.0
FRO,2014,0.0
FRO,2015,0.0
FRO,2016,0.0
FRO,2017,0.0
FRO,2018,0.0
FRO,2019,0.0
FRO,2020,0.0
FRO,2021,0.0
FRO,2022,0.0
FRO,2023,0.0
FRO,2024,0.0
GAB,2005,0.0
GAB,2006,0.0
GAB,2007,0.0
GAB,2008,0.0
GAB,2009,0.0
GAB,2010,0.0
GAB,2011,0.0
GAB,2012,0.0
GAB,2013,0.0
GAB,2014,0.0
GAB,2015,0.0
GAB,2016,0.0
GAB,2017,0.0
GAB,2018,0.0
GAB,2019,0.0
GAB,2020,0.0
GAB,2021,0.0
GAB,2022,0.0
GAB,2023,0.0
GAB,2024,0.0
GBR,2005,0.0
GBR,2006,0.0
GBR,2007,0.0
GBR,2008,0.0
GBR,2009,0.0
GBR,2010,0.0
GBR,2011,0.0
GBR,2012,0.0
GBR,2013,0.0
GBR,2014,0.0
GBR,2015,0.0
GBR,2016,0.0
GBR,2017,0.0
GBR,2018,0.0
GBR,2019,0.0
GBR,2020,0.0
GBR,2021,0.0
GBR,2022,0.0
GBR,2023,0.0
GBR,2024,0.0
GEO,2005,0.0
GEO,2006,0.0
GEO,2007,0.0
GEO,2008,0.0
GEO,2009,0.0
GEO,2010,0.0
GEO,2011,0.0
GEO,2012,0.0
GEO,2013,0.0
GEO,2014,0.0
GEO,2015,0.0
GEO,2016,5.639162708388
GEO,2017,5.639162708388
GEO,2018,5.77538486217795
GEO,2019,5.77538486217795
GEO,2020,5.77538486217795
GEO,2021,5.77538486217795
GEO,2022,5.77538486217795
GEO,2023,5.77538486217795
GEO,2024,5.77538486217795
GHA,2005,0.0
GHA,2006,0.0
GHA,2007,0.0
GHA,2008,0.0
GHA,2009,0.0
GHA,2010,0.0
GHA,2011,0.0
GHA,2012,0.0
GHA,2013,0.0
GHA,2014,0.0
GHA,2015,0.0
GHA,2016,3.470979185407034
GHA,2017,3.470979185407034
GHA,2018,3.470979185407034
GHA,2019,3.470979185407034
GHA,2020,3.470979185407034
GHA,2021,3.470979185407034
GHA,2022,3.470979185407034
GHA,2023,3.470979185407034
GHA,2024,3.470979185407034
GIN,2005,0.0
GIN,2006,0.0
GIN,2007,0.0
GIN,2008,0.0
GIN,2009,0.0
GIN,2010,0.0
GIN,2011,0.0
GIN,2012,0.0
GIN,2013,0.0
GIN,2014,0.0
GIN,2015,0.0
GIN,2016,0.0
GIN,2017,0.0
GIN,2018,0.0
GIN,2019,0.0
GIN,2020,0.0
GIN,2021,0.0
GIN,2022,0.0
GIN,2023,0.0
GIN,2024,0.0
GMB,2005,0.0
GMB,2006,0.0
GMB,2007,0.0
GMB,2008,0.0
GMB,2009,0.0
GMB,2010,0.0
GMB,2011,0.0
GMB,2012,0.0
GMB,2013,0.0
GMB,2014,0.0
GMB,2015,0.0
GMB,2016,0.0
GMB,2017,0.0
GMB,2018,0.0
GMB,2019,0.0
GMB,2020,0.0
GMB,2021,0.0
GMB,2022,0.0
GMB,2023,0.0
GMB,2024,0.0
GNB,2005,0.0
GNB,2006,0.0
GNB,2007,0.0
GNB,2008,0.0
GNB,2009,0.0
GNB,2010,0.0
GNB,2011,0.0
GNB,2012,0.0
GNB,2013,0.0
GNB,2014,0.0
GNB,2015,0.0
GNB,2016,0.0
GNB,2017,0.0
GNB,2018,0.0
GNB,2019,0.0
GNB,2020,0.0
GNB,2021,0.0
GNB,2022,0.0
GNB,2023,0.0
GNB,2024,0.0
GNQ,2005,0.0
GNQ,2006,0.0
GNQ,2007,0.0
GNQ,2008,0.0
GNQ,2009,0.0
GNQ,2010,0.0
GNQ,2011,0.0
GNQ,2012,0.0
GNQ,2013,0.0
GNQ,2014,0.0
GNQ,2015,0.0
GNQ,2016,0.0
GNQ,2017,0.0
GNQ,2018,0.0
GNQ,2019,0.0
GNQ,2020,0.0
GNQ,2021,0.0
GNQ,2022,0.0
GNQ,2023,0.0
GNQ,2024,0.0
GRC,2005,0.03010602996004754
GRC,2006,0.09390679408788076
GRC,2007,0.09390679408788076
GRC,2008,0.09954855118575837
GRC,2009,0.09954855118575837
GRC,2010,0.09954855118575837
GRC,2011,0.18998041547308342
GRC,2012,0.1900164886086875
GRC,2013,0.2830464603166447
GRC,2014,0.28704877945827345
GRC,2015,0.28704877945827345
GRC,2016,0.29761381325814934
GRC,2017,0.3841444579205094
GRC,2018,0.38529707942750363
GRC,2019,0.48133711325316797
GRC,2020,0.48133711325316797
GRC,2021,0.48133711325316797
GRC,2022,0.48133711325316797
GRC,2023,0.48133711325316797
GRC,2024,0.48133711325316797
GRD,2005,0.0
GRD,2006,0.0
GRD,2007,0.0
GRD,2008,0.0
GRD,2009,0.0
GRD,2010,0.0
GRD,2011,0.0
GRD,2012,0.0
GRD,2013,0.0
GRD,2014,0.0
GRD,2015,0.0
GRD,2016,0.0
GRD,2017,0.0
GRD,2018,0.0
GRD,2019,0.0
GRD,2020,0.0
GRD,2021,0.0
GRD,2022,0.0
GRD,2023,0.0
GRD,2024,0.0
GTM,2005,0.0
GTM,2006,0.023809525646928714
GTM,2007,0.023809525646928714
GTM,2008,0.023809525646928714
GTM,2009,0.0908042759459913
GTM,2010,0.0908042759459913
GTM,2011,0.11103013938474485
GTM,2012,0.11103013938474485
GTM,2013,0.11103013938474485
GTM,2014,0.11103013938474485
GTM,2015,0.11103013938474485
GTM,2016,0.11103013938474485
GTM,2017,0.11103013938474485
GTM,2018,0.11103013938474485
GTM,2019,0.11103013938474485
GTM,2020,0.11103013938474485
GTM,2021,0.11103013938474485
GTM,2022,0.11103013938474485
GTM,2023,0.11103013938474485
GTM,2024,0.11103013938474485
GUY,2005,0.0
GUY,2006,0.0
GUY,2007,0.0
GUY,2008,0.0
GUY,2009,0.0
GUY,2010,0.0
GUY,2011,0.0
GUY,2012,0.0
GUY,2013,0.0
GUY,2014,0.0
GUY,2015,0.0
GUY,2016,0.0
GUY,2017,0.0
GUY,2018,0.0
GUY,2019,0.0
GUY,2020,0.0
GUY,2021,0.0
GUY,2022,0.0
GUY,2023,0.0
GUY,2024,0.0
HKG,2005,1.7601842647193104
HKG,2006,1.7601842647193104
HKG,2007,1.7601842647193104
HKG,2008,1.7601842647193104
HKG,2009,1.7601842647193104
HKG,2010,1.7601842647193104
HKG,2011,1.7819012758872237
HKG,2012,1.7819012758872237
HKG,2013,1.7819012758872237
HKG,2014,1.7819012758872237
HKG,2015,1.7819012758872237
HKG,2016,1.7819012758872237
HKG,2017,1.7819012758872237
HKG,2018,1.7819012758872237
HKG,2019,1.7819012758872237
HKG,2020,1.7819012758872237
HKG,2021,1.7819012758872237
HKG,2022,1.7819012758872237
HKG,2023,1.7819012758872237
HKG,2024,1.7819012758872237
HND,2005,0.0
HND,2006,0.0
HND,2007,0.0
HND,2008,0.0
HND,2009,0.0
HND,2010,0.0
HND,2011,0.0
HND,2012,0.0
HND,2013,0.0
HND,2014,0.22636550470285383
HND,2015,0.22636550470285383
HND,2016,0.22636550470285383
HND,2017,0.22636550470285383
HND,2018,0.22636550470285383
HND,2019,0.22636550470285383
HND,2020,0.22636550470285383
HND,2021,0.22636550470285383
HND,2022,0.22636550470285383
HND,2023,0.22636550470285383
HND,2024,0.22636550470285383
HRV,2005,0.24973474033620294
HRV,2006,0.26254868549884625
HRV,2007,0.26254868549884625
HRV,2008,0.5717061420475801
HRV,2009,0.5717061420475801
HRV,2010,0.5717061420475801
HRV,2011,0.609877173029779
HRV,2012,0.609991681939747
HRV,2013,0.6120946831383336
HRV,2014,0.6130750349016955
HRV,2015,0.6130750349016955
HRV,2016,0.6155076058783059
HRV,2017,0.6759290221722386
HRV,2018,0.6762041323267357
HRV,2019,0.7887563794129071
HRV,2020,0.7887563794129071
HRV,2021,0.7887563794129071
HRV,2022,0.7887563794129071
HRV,2023,0.7887563794129071
HRV,2024,0.7887563794129071
HTI,2005,0.0
HTI,2006,0.0
HTI,2007,0.0
HTI,2008,0.0
HTI,2009,0.0
HTI,2010,0.0
HTI,2011,0.0
HTI,2012,0.0
HTI,2013,0.0
HTI,2014,0.0
HTI,2015,0.0
HTI,2016,0.0
HTI,2017,0.0
HTI,2018,0.0
HTI,2019,0.0
HTI,2020,0.0
HTI,2021,0.0
HTI,2022,0.0
HTI,2023,0.0
HTI,2024,0.0
HUN,2005,0.03273900135484475
HUN,2006,0.04219790859823603
HUN,2007,0.04219790859823603
HUN,2008,0.05746688852058228
HUN,2009,0.05746688852058228
HUN,2010,0.05746688852058228
HUN,2011,0.420755098113992
HUN,2012,0.4207561718576755
HUN,2013,0.5489444483052466
HUN,2014,0.5525637601380776
HUN,2015,0.5525637601380776
HUN,2016,0.5582817843623726
HUN,2017,0.6959538503518216
HUN,2018,0.6966542628033079
HUN,2019,2.2030165411321834
HUN,2020,2.2030165411321834
HUN,2021,2.2030165411321834
HUN,2022,2.2030165411321834
HUN,2023,2.2030165411321834
HUN,2024,2.2030165411321834
IDN,2005,0.2658452755875947
IDN,2006,0.2658452755875947
IDN,2007,0.2658452755875947
IDN,2008,1.5245527162987127
IDN,2009,1.5245527162987127
IDN,2010,1.5245527162987127
IDN,2011,1.5245527162987127
IDN,2012,1.5245527162987127
IDN,2013,1.5245527162987127
IDN,2014,1.5245527162987127
IDN,2015,1.5245527162987127
IDN,2016,1.5245527162987127
IDN,2017,1.5245527162987127
IDN,2018,1.5245527162987127
IDN,2019,1.5245527162987127
IDN,2020,1.5245527162987127
IDN,2021,1.5245527162987127
IDN,2022,1.5245527162987127
IDN,2023,1.5245527162987127
IDN,2024,1.5245527162987127
IND,2005,0.6136059165434743
IND,2006,0.6136059165434743
IND,2007,0.6136059165434743
IND,2008,0.6136059165434743
IND,2009,0.6136059165434743
IND,2010,0.7901449654503412
IND,2011,1.1325122064266315
IND,2012,1.1325122064266315
IND,2013,1.1325122064266315
IND,2014,1.1325122064266315
IND,2015,1.1325122064266315
IND,2016,1.1325122064266315
IND,2017,1.1325122064266315
IND,2018,1.1325122064266315
IND,2019,1.1325122064266315
IND,2020,1.1325122064266315
IND,2021,1.1325122064266315
IND,2022,1.1325122064266315
IND,2023,1.1325122064266315
IND,2024,1.1325122064266315
IRL,2005,0.07776067708780747
IRL,2006,0.08676005042254609
IRL,2007,0.08676005042254609
IRL,2008,0.08861190551991979
IRL,2009,0.08861190551991979
IRL,2010,0.08861190551991979
IRL,2011,0.20476172630304468
IRL,2012,0.20482403285215947
IRL,2013,0.22451983262772554
IRL,2014,0.22657313516345168
IRL,2015,0.22657313516345168
IRL,2016,0.23051241238050668
IRL,2017,0.34159360809430717
IRL,2018,0.3425907543964513
IRL,2019,0.7290536650249659
IRL,2020,0.7290536650249659
IRL,2021,0.7290536650249659
IRL,2022,0.7290536650249659
IRL,2023,0.7290536650249659
IRL,2024,0.7290536650249659
IRN,2005,0.0
IRN,2006,0.0
IRN,2007,0.0
IRN,2008,0.0
IRN,2009,0.0
IRN,2010,0.0
IRN,2011,0.0
IRN,2012,0.0
IRN,2013,0.0
IRN,2014,0.0
IRN,2015,0.0
IRN,2016,0.0
IRN,2017,0.0
IRN,2018,0.0
IRN,2019,0.0
IRN,2020,0.0
IRN,2021,0.0
IRN,2022,0.0
IRN,2023,0.0
IRN,2024,0.0
IRQ,2005,0.0
IRQ,2006,0.0
IRQ,2007,0.0
IRQ,2008,0.0
IRQ,2009,0.0
IRQ,2010,0.0
IRQ,2011,0.0
IRQ,2012,0.0
IRQ,2013,0.0
IRQ,2014,0.0
IRQ,2015,0.0
IRQ,2016,0.0
IRQ,2017,0.0
IRQ,2018,0.0
IRQ,2019,0.0
IRQ,2020,0.0
IRQ,2021,0.0
IRQ,2022,0.0
IRQ,2023,0.0
IRQ,2024,0.0
ISL,2005,0.0
ISL,2006,0.0
ISL,2007,0.0
ISL,2008,0.0
ISL,2009,0.0
ISL,2010,0.0
ISL,2011,0.0
ISL,2012,0.0
ISL,2013,0.0
ISL,2014,0.09129506750816745
ISL,2015,0.09129506750816745
ISL,2016,0.09129506750816745
ISL,2017,0.09129506750816745
ISL,2018,0.09129506750816745
ISL,2019,0.09129506750816745
ISL,2020,0.09129506750816745
ISL,2021,0.09129506750816745
ISL,2022,0.09129506750816745
ISL,2023,0.09129506750816745
ISL,2024,0.09129506750816745
ISR,2005,0.0
ISR,2006,0.0
ISR,2007,0.0
ISR,2008,0.0
ISR,2009,0.0
ISR,2010,0.0
ISR,2011,0.0
ISR,2012,0.0
ISR,2013,0.0
ISR,2014,0.0
ISR,2015,0.0
ISR,2016,0.0
ISR,2017,0.0
ISR,2018,0.0
ISR,2019,0.0
ISR,2020,0.014850877198423342
ISR,2021,0.014850877198423342
ISR,2022,0.014850877198423342
ISR,2023,0.014850877198423342
ISR,2024,0.014850877198423342
ITA,2005,0.07205889086336062
ITA,2006,0.09989649757891218
ITA,2007,0.09989649757891218
ITA,2008,0.11427421810124637
ITA,2009,0.11427421810124637
ITA,2010,0.11427421810124637
ITA,2011,0.15131046611301474
ITA,2012,0.15131978842736296
ITA,2013,0.18038354716202373
ITA,2014,0.1831254255872394
ITA,2015,0.1831254255872394
ITA,2016,0.1922916743006414
ITA,2017,0.27316946556440125
ITA,2018,0.2742248046078118
ITA,2019,0.5212023412051864
ITA,2020,0.5212023412051864
ITA,2021,0.5212023412051864
ITA,2022,0.5212023412051864
ITA,2023,0.5212023412051864
ITA,2024,0.5212023412051864
JAM,2005,0.0
JAM,2006,0.0
JAM,2007,0.0
JAM,2008,0.0
JAM,2009,0.0
JAM,2010,0.0
JAM,2011,0.0
JAM,2012,0.0
JAM,2013,0.0
JAM,2014,0.0
JAM,2015,0.0
JAM,2016,0.0
JAM,2017,0.0
JAM,2018,0.0
JAM,2019,0.0
JAM,2020,0.0
JAM,2021,0.0
JAM,2022,0.0
JAM,2023,0.0
JAM,2024,0.0
JOR,2005,3.7475274876040556
JOR,2006,3.7475274876040556
JOR,2007,3.7475274876040556
JOR,2008,3.7475274876040556
JOR,2009,3.7475274876040556
JOR,2010,3.7475274876040556
JOR,2011,3.7475274876040556
JOR,2012,3.8456472028378323
JOR,2013,3.8456472028378323
JOR,2014,3.8456472028378323
JOR,2015,3.8456472028378323
JOR,2016,3.8456472028378323
JOR,2017,3.8456472028378323
JOR,2018,3.8456472028378323
JOR,2019,3.8456472028378323
JOR,2020,3.8456472028378323
JOR,2021,3.8456472028378323
JOR,2022,3.8456472028378323
JOR,2023,3.8456472028378323
JOR,2024,3.8456472028378323
JPN,2005,9.224098398547373
JPN,2006,9.342637258718304
JPN,2007,9.821292908459492
JPN,2008,10.041639638155058
JPN,2009,10.686050839365352
JPN,2010,10.686050839365352
JPN,2011,10.850528359190772
JPN,2012,10.85553236142658
JPN,2013,10.85553236142658
JPN,2014,10.85553236142658
JPN,2015,11.096532693105997
JPN,2016,11.099090623545385
JPN,2017,11.099090623545385
JPN,2018,11.099090623545385
JPN,2019,13.646196031541265
JPN,2020,13.646196031541265
JPN,2021,13.646196031541265
JPN,2022,13.646196031541265
JPN,2023,13.646196031541265
JPN,2024,13.646196031541265
KAZ,2005,0.0
KAZ,2006,0.0
KAZ,2007,0.0
KAZ,2008,0.0
KAZ,2009,0.0
KAZ,2010,0.0
KAZ,2011,0.0
KAZ,2012,0.0
KAZ,2013,0.0
KAZ,2014,0.0
KAZ,2015,0.0
KAZ,2016,0.0
KAZ,2017,0.0
KAZ,2018,0.0
KAZ,2019,0.0
KAZ,2020,0.0
KAZ,2021,0.0
KAZ,2022,0.0
KAZ,2023,0.0
KAZ,2024,0.0
KEN,2005,0.0
KEN,2006,0.0
KEN,2007,0.0
KEN,2008,0.0
KEN,2009,0.0
KEN,2010,0.0
KEN,2011,0.0
KEN,2012,0.0
KEN,2013,0.0
KEN,2014,0.0
KEN,2015,0.0
KEN,2016,0.0
KEN,2017,0.0
KEN,2018,0.0
KEN,2019,0.0
KEN,2020,0.0
KEN,2021,0.0
KEN,2022,0.0
KEN,2023,0.0
KEN,2024,0.0
KGZ,2005,0.0
KGZ,2006,0.0
KGZ,2007,0.0
KGZ,2008,0.0
KGZ,2009,0.0
KGZ,2010,0.0
KGZ,2011,0.0
KGZ,2012,0.0
KGZ,2013,0.0
KGZ,2014,0.0
KGZ,2015,0.0
KGZ,2016,0.0
KGZ,2017,0.0
KGZ,2018,0.0
KGZ,2019,0.0
KGZ,2020,0.0
KGZ,2021,0.0
KGZ,2022,0.0
KGZ,2023,0.0
KGZ,2024,0.0
KHM,2005,0.0
KHM,2006,0.0
KHM,2007,0.0
KHM,2008,0.0
KHM,2009,0.0
KHM,2010,0.0
KHM,2011,0.0
KHM,2012,0.0
KHM,2013,0.0
KHM,2014,0.0
KHM,2015,0.0
KHM,2016,0.0
KHM,2017,0.0
KHM,2018,0.0
KHM,2019,0.0
KHM,2020,0.0
KHM,2021,0.0
KHM,2022,0.0
KHM,2023,0.0
KHM,2024,0.0
KIR,2005,0.0
KIR,2006,0.0
KIR,2007,0.0
KIR,2008,0.0
KIR,2009,0.0
KIR,2010,0.0
KIR,2011,0.0
KIR,2012,0.0
KIR,2013,0.0
KIR,2014,0.0
KIR,2015,0.0
KIR,2016,0.0
KIR,2017,0.0
KIR,2018,0.0
KIR,2019,0.0
KIR,2020,0.0
KIR,2021,0.0
KIR,2022,0.0
KIR,2023,0.0
KIR,2024,0.0
KNA,2005,0.0
KNA,2006,0.0
KNA,2007,0.0
KNA,2008,0.0
KNA,2009,0.0
KNA,2010,0.0
KNA,2011,0.0
KNA,2012,0.0
KNA,2013,0.0
KNA,2014,0.0
KNA,2015,0.0
KNA,2016,0.0
KNA,2017,0.0
KNA,2018,0.0
KNA,2019,0.0
KNA,2020,0.0
KNA,2021,0.0
KNA,2022,0.0
KNA,2023,0.0
KNA,2024,0.0
KOR,2005,0.014188095461634007
KOR,2006,0.5430507378290742
KOR,2007,0.5430507378290742
KOR,2008,0.5430507378290742
KOR,2009,0.5430507378290742
KOR,2010,0.6834968082495637
KOR,2011,3.164954449138524
KOR,2012,8.5275119322265
KOR,2013,8.5275119322265
KOR,2014,8.751615950986452
KOR,2015,10.265550757197596
KOR,2016,10.277195404530486
KOR,2017,10.277195404530486
KOR,2018,10.277195404530486
KOR,2019,10.277195404530486
KOR,2020,10.277195404530486
KOR,2021,10.277195404530486
KOR,2022,10.277195404530486
KOR,2023,10.277195404530486
KOR,2024,10.277195404530486
KWT,2005,0.0
KWT,2006,0.0
KWT,2007,0.0
KWT,2008,0.0
KWT,2009,0.0
KWT,2010,0.0
KWT,2011,0.0
KWT,2012,0.0
KWT,2013,0.0
KWT,2014,0.0
KWT,2015,0.0
KWT,2016,0.0
KWT,2017,0.0
KWT,2018,0.0
KWT,2019,0.0
KWT,2020,0.0
KWT,2021,0.0
KWT,2022,0.0
KWT,2023,0.0
KWT,2024,0.0
LAO,2005,0.0
LAO,2006,0.0
LAO,2007,0.0
LAO,2008,0.0
LAO,2009,0.0
LAO,2010,0.0
LAO,2011,0.0
LAO,2012,0.0
LAO,2013,0.0
LAO,2014,0.0
LAO,2015,0.0
LAO,2016,0.0
LAO,2017,0.0
LAO,2018,0.0
LAO,2019,0.0
LAO,2020,0.0
LAO,2021,0.0
LAO,2022,0.0
LAO,2023,0.0
LAO,2024,0.0
LBN,2005,0.0
LBN,2006,2.241681800948611
LBN,2007,2.241681800948611
LBN,2008,2.241681800948611
LBN,2009,2.241681800948611
LBN,2010,2.241681800948611
LBN,2011,2.241681800948611
LBN,2012,2.241681800948611
LBN,2013,2.241681800948611
LBN,2014,2.241681800948611
LBN,2015,2.241681800948611
LBN,2016,2.241681800948611
LBN,2017,2.241681800948611
LBN,2018,2.241681800948611
LBN,2019,2.241681800948611
LBN,2020,2.241681800948611
LBN,2021,2.241681800948611
LBN,2022,2.241681800948611
LBN,2023,2.241681800948611
LBN,2024,2.241681800948611
LBR,2005,0.0
LBR,2006,0.0
LBR,2007,0.0
LBR,2008,0.0
LBR,2009,0.0
LBR,2010,0.0
LBR,2011,0.0
LBR,2012,0.0
LBR,2013,0.0
LBR,2014,0.0
LBR,2015,0.0
LBR,2016,0.0
LBR,2017,0.0
LBR,2018,0.0
LBR,2019,0.0
LBR,2020,0.0
LBR,2021,0.0
LBR,2022,0.0
LBR,2023,0.0
LBR,2024,0.0
LBY,2005,0.0
LBY,2006,0.0
LBY,2007,0.0
LBY,2008,0.0
LBY,2009,0.0
LBY,2010,0.0
LBY,2011,0.0
LBY,2012,0.0
LBY,2013,0.0
LBY,2014,0.0
LBY,2015,0.0
LBY,2016,0.0
LBY,2017,0.0
LBY,2018,0.0
LBY,2019,0.0
LBY,2020,0.0
LBY,2021,0.0
LBY,2022,0.0
LBY,2023,0.0
LBY,2024,0.0
LCA,2005,0.0
LCA,2006,0.0
LCA,2007,0.0
LCA,2008,0.0
LCA,2009,0.0
LCA,2010,0.0
LCA,2011,0.0
LCA,2012,0.0
LCA,2013,0.0
LCA,2014,0.0
LCA,2015,0.0
LCA,2016,0.0
LCA,2017,0.0
LCA,2018,0.0
LCA,2019,0.0
LCA,2020,0.0
LCA,2021,0.0
LCA,2022,0.0
LCA,2023,0.0
LCA,2024,0.0
LKA,2005,0.0
LKA,2006,0.0
LKA,2007,0.0
LKA,2008,0.0
LKA,2009,0.0
LKA,2010,0.0
LKA,2011,0.0
LKA,2012,0.0
LKA,2013,0.0
LKA,2014,0.0
LKA,2015,0.0
LKA,2016,0.0
LKA,2017,0.0
LKA,2018,0.4998656668378289
LKA,2019,0.4998656668378289
LKA,2020,0.4998656668378289
LKA,2021,0.4998656668378289
LKA,2022,0.4998656668378289
LKA,2023,0.4998656668378289
LKA,2024,0.4998656668378289
LSO,2005,0.0
LSO,2006,0.0
LSO,2007,0.0
LSO,2008,0.0
LSO,2009,0.0
LSO,2010,0.0
LSO,2011,0.0
LSO,2012,0.0
LSO,2013,0.0
LSO,2014,0.0
LSO,2015,0.0
LSO,2016,0.0
LSO,2017,0.0
LSO,2018,0.0
LSO,2019,0.0
LSO,2020,0.0
LSO,2021,0.0
LSO,2022,0.0
LSO,2023,0.0
LSO,2024,0.0
LTU,2005,0.0735173823084623
LTU,2006,0.08051833653280148
LTU,2007,0.08051833653280148
LTU,2008,0.08326091567233733
LTU,2009,0.08326091567233733
LTU,2010,0.08326091567233733
LTU,2011,0.09959422750424698
LTU,2012,0.09963286292206813
LTU,2013,0.10285195449698266
LTU,2014,0.10705433080547516
LTU,2015,0.10705433080547516
LTU,2016,0.11937495759587939
LTU,2017,0.2122573897402642
LTU,2018,0.21315655142385778
LTU,2019,0.26167887812970525
LTU,2020,0.26167887812970525
LTU,2021,0.26167887812970525
LTU,2022,0.26167887812970525
LTU,2023,0.26167887812970525
LTU,2024,0.26167887812970525
LUX,2005,0.08189389014146926
LUX,2006,0.09055425246303649
LUX,2007,0.09055425246303649
LUX,2008,0.09387639634789097
LUX,2009,0.09387639634789097
LUX,2010,0.09387639634789097
LUX,2011,0.13190742224504415
LUX,2012,0.1320636834721705
LUX,2013,0.14373304352236319
LUX,2014,0.14902917552420694
LUX,2015,0.14902917552420694
LUX,2016,0.16060879332024297
LUX,2017,0.23857653098246218
LUX,2018,0.23947850630374476
LUX,2019,0.4657697036647131
LUX,2020,0.4657697036647131
LUX,2021,0.4657697036647131
LUX,2022,0.4657697036647131
LUX,2023,0.4657697036647131
LUX,2024,0.4657697036647131
LVA,2005,0.059718926228088595
LVA,2006,0.07372359407805544
LVA,2007,0.07372359407805544
LVA,2008,0.0812330122127366
LVA,2009,0.0812330122127366
LVA,2010,0.0812330122127366
LVA,2011,0.16584395500168123
LVA,2012,0.16587681775616853
LVA,2013,0.17995527402488387
LVA,2014,0.19834305303073338
LVA,2015,0.19834305303073338
LVA,2016,0.23611470280857114
LVA,2017,0.3696881757651535
LVA,2018,0.3797826332880406
LVA,2019,0.46831185628114724
LVA,2020,0.46831185628114724
LVA,2021,0.46831185628114724
LVA,2022,0.46831185628114724
LVA,2023,0.46831185628114724
LVA,2024,0.46831185628114724
MAC,2005,0.9690630140776104
MAC,2006,0.9690630140776104
MAC,2007,0.9690630140776104
MAC,2008,0.9690630140776104
MAC,2009,0.9690630140776104
MAC,2010,0.9690630140776104
MAC,2011,0.9690630140776104
MAC,2012,0.9690630140776104
MAC,2013,0.9690630140776104
MAC,2014,0.9690630140776104
MAC,2015,0.9690630140776104
MAC,2016,0.9690630140776104
MAC,2017,0.9690630140776104
MAC,2018,0.9690630140776104
MAC,2019,0.9690630140776104
MAC,2020,0.9690630140776104
MAC,2021,0.9690630140776104
MAC,2022,0.9690630140776104
MAC,2023,0.9690630140776104
MAC,2024,0.9690630140776104
MAR,2005,0.0
MAR,2006,1.3074752746499494
MAR,2007,1.3074752746499494
MAR,2008,1.3074752746499494
MAR,2009,1.3074752746499494
MAR,2010,1.3074752746499494
MAR,2011,1.3074752746499494
MAR,2012,1.3074752746499494
MAR,2013,1.3074752746499494
MAR,2014,1.3074752746499494
MAR,2015,1.3074752746499494
MAR,2016,1.3074752746499494
MAR,2017,1.3074752746499494
MAR,2018,1.3074752746499494
MAR,2019,1.3074752746499494
MAR,2020,1.3074752746499494
MAR,2021,1.3074752746499494
MAR,2022,1.3074752746499494
MAR,2023,1.3074752746499494
MAR,2024,1.3074752746499494
MDA,2005,0.17948595823399896
MDA,2006,0.17948595823399896
MDA,2007,0.17948595823399896
MDA,2008,0.17948595823399896
MDA,2009,0.17948595823399896
MDA,2010,0.17948595823399896
MDA,2011,0.17948595823399896
MDA,2012,0.17948595823399896
MDA,2013,0.17948595823399896
MDA,2014,8.719136434383016
MDA,2015,8.719136434383016
MDA,2016,8.80164576508305
MDA,2017,8.80164576508305
MDA,2018,8.80164576508305
MDA,2019,8.80164576508305
MDA,2020,8.80164576508305
MDA,2021,8.80164576508305
MDA,2022,8.80164576508305
MDA,2023,8.80164576508305
MDA,2024,8.80164576508305
MDG,2005,0.0
MDG,2006,0.0
MDG,2007,0.0
MDG,2008,0.0
MDG,2009,0.0
MDG,2010,0.0
MDG,2011,0.0
MDG,2012,0.0
MDG,2013,0.0
MDG,2014,0.0
MDG,2015,0.0
MDG,2016,0.0
MDG,2017,0.0
MDG,2018,0.0
MDG,2019,0.0
MDG,2020,0.0
MDG,2021,0.0
MDG,2022,0.0
MDG,2023,0.0
MDG,2024,0.0
MDV,2005,0.0
MDV,2006,0.0
MDV,2007,0.0
MDV,2008,0.0
MDV,2009,0.0
MDV,2010,0.0
MDV,2011,0.0
MDV,2012,0.0
MDV,2013,0.0
MDV,2014,0.0
MDV,2015,0.0
MDV,2016,0.0
MDV,2017,0.0
MDV,2018,0.0
MDV,2019,0.0
MDV,2020,0.0
MDV,2021,0.0
MDV,2022,0.0
MDV,2023,0.0
MDV,2024,0.0
MEX,2005,2.6711674411795463
MEX,2006,2.6711674411795463
MEX,2007,2.6711674411795463
MEX,2008,2.6711674411795463
MEX,2009,2.6711674411795463
MEX,2010,2.6711674411795463
MEX,2011,2.6711674411795463
MEX,2012,2.6711674411795463
MEX,2013,2.6711674411795463
MEX,2014,2.6711674411795463
MEX,2015,2.735190428614665
MEX,2016,2.735190428614665
MEX,2017,2.735190428614665
MEX,2018,2.735190428614665
MEX,2019,2.735190428614665
MEX,2020,16.57581426372088
MEX,2021,16.57581426372088
MEX,2022,16.57581426372088
MEX,2023,16.57581426372088
MEX,2024,16.57581426372088
MKD,2005,0.3536457635481103
MKD,2006,0.3536457635481103
MKD,2007,0.3536457635481103
MKD,2008,0.3536457635481103
MKD,2009,0.3536457635481103
MKD,2010,0.3536457635481103
MKD,2011,0.3536457635481103
MKD,2012,0.3536457635481103
MKD,2013,0.3536457635481103
MKD,2014,0.3536457635481103
MKD,2015,0.3536457635481103
MKD,2016,0.3536457635481103
MKD,2017,0.3536457635481103
MKD,2018,0.3536457635481103
MKD,2019,0.3536457635481103
MKD,2020,0.3536457635481103
MKD,2021,0.3536457635481103
MKD,2022,0.3536457635481103
MKD,2023,0.3536457635481103
MKD,2024,0.3536457635481103
MLI,2005,0.0
MLI,2006,0.0
MLI,2007,0.0
MLI,2008,0.0
MLI,2009,0.0
MLI,2010,0.0
MLI,2011,0.0
MLI,2012,0.0
MLI,2013,0.0
MLI,2014,0.0
MLI,2015,0.0
MLI,2016,0.0
MLI,2017,0.0
MLI,2018,0.0
MLI,2019,0.0
MLI,2020,0.0
MLI,2021,0.0
MLI,2022,0.0
MLI,2023,0.0
MLI,2024,0.0
MLT,2005,0.09512574011511796
MLT,2006,0.13152804752255698
MLT,2007,0.13152804752255698
MLT,2008,0.1337311466757158
MLT,2009,0.1337311466757158
MLT,2010,0.1337311466757158
MLT,2011,0.20376804051281544
MLT,2012,0.20440067561155242
MLT,2013,0.22647421173949017
MLT,2014,0.23362091971066684
MLT,2015,0.23362091971066684
MLT,2016,0.24451953550492517
MLT,2017,0.790830399261866
MLT,2018,0.7928643783604531
MLT,2019,1.0431699356863076
MLT,2020,1.0431699356863076
MLT,2021,1.0431699356863076
MLT,2022,1.0431699356863076
MLT,2023,1.0431699356863076
MLT,2024,1.0431699356863076
MMR,2005,0.0
MMR,2006,0.0
MMR,2007,0.0
MMR,2008,0.0
MMR,2009,0.0
MMR,2010,0.0
MMR,2011,0.0
MMR,2012,0.0
MMR,2013,0.0
MMR,2014,0.0
MMR,2015,0.0
MMR,2016,0.0
MMR,2017,0.0
MMR,2018,0.0
MMR,2019,0.0
MMR,2020,0.0
MMR,2021,0.0
MMR,2022,0.0
MMR,2023,0.0
MMR,2024,0.0
MNE,2005,0.18536080601569788
MNE,2006,0.18536080601569788
MNE,2007,0.18536080601569788
MNE,2008,3.9034488747001492
MNE,2009,3.9034488747001492
MNE,2010,3.9034488747001492
MNE,2011,3.9034488747001492
MNE,2012,3.9034488747001492
MNE,2013,3.9034488747001492
MNE,2014,3.9034488747001492
MNE,2015,3.9034488747001492
MNE,2016,3.9034488747001492
MNE,2017,3.9034488747001492
MNE,2018,3.9034488747001492
MNE,2019,3.9034488747001492
MNE,2020,3.9034488747001492
MNE,2021,3.9034488747001492
MNE,2022,3.9034488747001492
MNE,2023,3.9034488747001492
MNE,2024,3.9034488747001492
MNG,2005,0.0
MNG,2006,0.0
MNG,2007,0.0
MNG,2008,0.0
MNG,2009,0.0
MNG,2010,0.0
MNG,2011,0.0
MNG,2012,0.0
MNG,2013,0.0
MNG,2014,0.0
MNG,2015,0.0
MNG,2016,0.8061363661575685
MNG,2017,0.8061363661575685
MNG,2018,0.8061363661575685
MNG,2019,0.8061363661575685
MNG,2020,0.8061363661575685
MNG,2021,0.8061363661575685
MNG,2022,0.8061363661575685
MNG,2023,0.8061363661575685
MNG,2024,0.8061363661575685
MOZ,2005,0.0
MOZ,2006,0.0
MOZ,2007,0.0
MOZ,2008,0.0
MOZ,2009,0.0
MOZ,2010,0.0
MOZ,2011,0.0
MOZ,2012,0.0
MOZ,2013,0.0
MOZ,2014,0.0
MOZ,2015,0.0
MOZ,2016,0.0
MOZ,2017,0.0
MOZ,2018,0.0
MOZ,2019,0.0
MOZ,2020,0.0
MOZ,2021,0.0
MOZ,2022,0.0
MOZ,2023,0.0
MOZ,2024,0.0
MRT,2005,0.0
MRT,2006,0.0
MRT,2007,0.0
MRT,2008,0.0
MRT,2009,0.0
MRT,2010,0.0
MRT,2011,0.0
MRT,2012,0.0
MRT,2013,0.0
MRT,2014,0.0
MRT,2015,0.0
MRT,2016,0.0
MRT,2017,0.0
MRT,2018,0.0
MRT,2019,0.0
MRT,2020,0.0
MRT,2021,0.0
MRT,2022,0.0
MRT,2023,0.0
MRT,2024,0.0
MSR,2005,0.0
MSR,2006,0.0
MSR,2007,0.0
MSR,2008,0.0
MSR,2009,0.0
MSR,2010,0.0
MSR,2011,0.0
MSR,2012,0.0
MSR,2013,0.0
MSR,2014,0.0
MSR,2015,0.0
MSR,2016,0.0
MSR,2017,0.0
MSR,2018,0.0
MSR,2019,0.0
MSR,2020,0.0
MSR,2021,0.0
MSR,2022,0.0
MSR,2023,0.0
MSR,2024,0.0
MUS,2005,0.0
MUS,2006,0.0
MUS,2007,0.0
MUS,2008,0.0
MUS,2009,0.0
MUS,2010,0.0
MUS,2011,0.0
MUS,2012,0.0
MUS,2013,0.008917331798751192
MUS,2014,0.008917331798751192
MUS,2015,0.008917331798751192
MUS,2016,0.008917331798751192
MUS,2017,0.008917331798751192
MUS,2018,0.008917331798751192
MUS,2019,0.008917331798751192
MUS,2020,0.008917331798751192
MUS,2021,0.008917331798751192
MUS,2022,0.008917331798751192
MUS,2023,0.008917331798751192
MUS,2024,0.008917331798751192
MWI,2005,0.0
MWI,2006,0.0
MWI,2007,0.0
MWI,2008,0.0
MWI,2009,0.0
MWI,2010,0.0
MWI,2011,0.0
MWI,2012,0.0
MWI,2013,0.0
MWI,2014,0.0
MWI,2015,0.0
MWI,2016,0.0
MWI,2017,0.0
MWI,2018,0.0
MWI,2019,0.0
MWI,2020,0.0
MWI,2021,0.0
MWI,2022,0.0
MWI,2023,0.0
MWI,2024,0.0
MYS,2005,0.0
MYS,2006,0.31693503254363165
MYS,2007,0.31693503254363165
MYS,2008,0.35397049170992717
MYS,2009,0.35397049170992717
MYS,2010,0.37681306860436614
MYS,2011,0.37681306860436614
MYS,2012,0.37681306860436614
MYS,2013,0.6603581093127123
MYS,2014,0.6603581093127123
MYS,2015,0.6681052057303556
MYS,2016,0.6681052057303556
MYS,2017,0.6681052057303556
MYS,2018,0.6681052057303556
MYS,2019,0.6681052057303556
MYS,2020,0.6681052057303556
MYS,2021,0.6681052057303556
MYS,2022,0.6681052057303556
MYS,2023,0.6681052057303556
MYS,2024,0.6681052057303556
NCL,2005,0.0
NCL,2006,0.0
NCL,2007,0.0
NCL,2008,0.0
NCL,2009,0.0
NCL,2010,0.0
NCL,2011,0.0
NCL,2012,0.0
NCL,2013,0.0
NCL,2014,0.0
NCL,2015,0.0
NCL,2016,0.0
NCL,2017,0.0
NCL,2018,0.0
NCL,2019,0.0
NCL,2020,0.0
NCL,2021,0.0
NCL,2022,0.0
NCL,2023,0.0
NCL,2024,0.0
NER,2005,0.0
NER,2006,0.0
NER,2007,0.0
NER,2008,0.0
NER,2009,0.0
NER,2010,0.0
NER,2011,0.0
NER,2012,0.0
NER,2013,0.0
NER,2014,0.0
NER,2015,0.0
NER,2016,0.0
NER,2017,0.0
NER,2018,0.0
NER,2019,0.0
NER,2020,0.0
NER,2021,0.0
NER,2022,0.0
NER,2023,0.0
NER,2024,0.0
NGA,2005,0.0
NGA,2006,0.0
NGA,2007,0.0
NGA,2008,0.0
NGA,2009,0.0
NGA,2010,0.0
NGA,2011,0.0
NGA,2012,0.0
NGA,2013,0.0
NGA,2014,0.0
NGA,2015,0.0
NGA,2016,0.0
NGA,2017,0.0
NGA,2018,0.0
NGA,2019,0.0
NGA,2020,0.0
NGA,2021,0.0
NGA,2022,0.0
NGA,2023,0.0
NGA,2024,0.0
NIC,2005,0.0
NIC,2006,0.0
NIC,2007,0.0
NIC,2008,0.06521131042334793
NIC,2009,0.06521131042334793
NIC,2010,0.06521131042334793
NIC,2011,0.06521131042334793
NIC,2012,0.06521131042334793
NIC,2013,0.06521131042334793
NIC,2014,0.06521131042334793
NIC,2015,0.06521131042334793
NIC,2016,0.06521131042334793
NIC,2017,0.06521131042334793
NIC,2018,0.06521131042334793
NIC,2019,0.06521131042334793
NIC,2020,0.06521131042334793
NIC,2021,0.06521131042334793
NIC,2022,0.06521131042334793
NIC,2023,0.06521131042334793
NIC,2024,0.06521131042334793
NLD,2005,0.3799437167195866
NLD,2006,0.40447391515010034
NLD,2007,0.40447391515010034
NLD,2008,0.4214176811199335
NLD,2009,0.4214176811199335
NLD,2010,0.4214176811199335
NLD,2011,0.5508109742015408
NLD,2012,0.5508576888163843
NLD,2013,0.6381887681635603
NLD,2014,0.652918941991748
NLD,2015,0.652918941991748
NLD,2016,0.6911596432187685
NLD,2017,0.766786108781391
NLD,2018,0.7685392029945132
NLD,2019,0.9812487525101211
NLD,2020,0.9812487525101211
NLD,2021,0.9812487525101211
NLD,2022,0.9812487525101211
NLD,2023,0.9812487525101211
NLD,2024,0.9812487525101211
NOR,2005,0.0
NOR,2006,0.0
NOR,2007,0.0
NOR,2008,0.0
NOR,2009,0.0
NOR,2010,0.0
NOR,2011,0.0
NOR,2012,0.0
NOR,2013,0.0
NOR,2014,0.0
NOR,2015,0.0
NOR,2016,0.0
NOR,2017,0.0
NOR,2018,0.0
NOR,2019,0.0
NOR,2020,0.0
NOR,2021,0.0
NOR,2022,0.0
NOR,2023,0.0
NOR,2024,0.0
NPL,2005,0.0
NPL,2006,0.0
NPL,2007,0.0
NPL,2008,0.0
NPL,2009,0.0
NPL,2010,0.0
NPL,2011,0.0
NPL,2012,0.0
NPL,2013,0.0
NPL,2014,0.0
NPL,2015,0.0
NPL,2016,0.0
NPL,2017,0.0
NPL,2018,0.0
NPL,2019,0.0
NPL,2020,0.0
NPL,2021,0.0
NPL,2022,0.0
NPL,2023,0.0
NPL,2024,0.0
NZL,2005,0.637983446692842
NZL,2006,0.637983446692842
NZL,2007,0.637983446692842
NZL,2008,0.7863625800909341
NZL,2009,0.7863625800909341
NZL,2010,0.8830138665233164
NZL,2011,1.0104800172442898
NZL,2012,1.0104800172442898
NZL,2013,1.0356429796066513
NZL,2014,1.0356429796066513
NZL,2015,1.112753344035546
NZL,2016,1.112753344035546
NZL,2017,1.112753344035546
NZL,2018,1.112753344035546
NZL,2019,1.112753344035546
NZL,2020,1.112753344035546
NZL,2021,1.112753344035546
NZL,2022,1.112753344035546
NZL,2023,1.112753344035546
NZL,2024,1.112753344035546
OMN,2005,0.0
OMN,2006,0.0
OMN,2007,0.0
OMN,2008,0.0
OMN,2009,2.374732477652387
OMN,2010,2.374732477652387
OMN,2011,2.374732477652387
OMN,2012,2.374732477652387
OMN,2013,2.374732477652387
OMN,2014,2.374732477652387
OMN,2015,2.374732477652387
OMN,2016,2.374732477652387
OMN,2017,2.374732477652387
OMN,2018,2.374732477652387
OMN,2019,2.374732477652387
OMN,2020,2.374732477652387
OMN,2021,2.374732477652387
OMN,2022,2.374732477652387
OMN,2023,2.374732477652387
OMN,2024,2.374732477652387
PAK,2005,0.0
PAK,2006,0.0
PAK,2007,0.0
PAK,2008,0.13799357955325756
PAK,2009,0.13799357955325756
PAK,2010,0.13799357955325756
PAK,2011,0.13799357955325756
PAK,2012,0.13799357955325756
PAK,2013,0.13799357955325756
PAK,2014,0.13799357955325756
PAK,2015,0.13799357955325756
PAK,2016,0.13799357955325756
PAK,2017,0.13799357955325756
PAK,2018,0.13799357955325756
PAK,2019,0.13799357955325756
PAK,2020,0.13799357955325756
PAK,2021,0.13799357955325756
PAK,2022,0.13799357955325756
PAK,2023,0.13799357955325756
PAK,2024,0.13799357955325756
PAN,2005,0.16932482721465142
PAN,2006,0.35846459521785007
PAN,2007,0.35846459521785007
PAN,2008,0.35846459521785007
PAN,2009,0.35846459521785007
PAN,2010,0.35846459521785007
PAN,2011,0.35846459521785007
PAN,2012,3.4907225419110732
PAN,2013,3.5955790018642775
PAN,2014,3.5955790018642775
PAN,2015,3.7859513150162334
PAN,2016,3.7859513150162334
PAN,2017,3.7859513150162334
PAN,2018,3.7859513150162334
PAN,2019,3.7859513150162334
PAN,2020,3.7859513150162334
PAN,2021,3.7859513150162334
PAN,2022,3.7859513150162334
PAN,2023,3.7859513150162334
PAN,2024,3.7859513150162334
PER,2005,0.0
PER,2006,0.0025083417226728134
PER,2007,0.0025083417226728134
PER,2008,0.0025083417226728134
PER,2009,5.751510450580497
PER,2010,6.203933229445987
PER,2011,6.376379536144394
PER,2012,6.9660622071504035
PER,2013,6.970572816996201
PER,2014,6.970572816996201
PER,2015,6.970572816996201
PER,2016,6.970572816996201
PER,2017,6.970572816996201
PER,2018,6.970572816996201
PER,2019,6.970572816996201
PER,2020,7.102333203958342
PER,2021,7.102333203958342
PER,2022,7.102333203958342
PER,2023,7.102333203958342
PER,2024,7.102333203958342
PHL,2005,0.0
PHL,2006,0.0
PHL,2007,0.0
PHL,2008,0.9707525732386557
PHL,2009,0.9707525732386557
PHL,2010,0.9707525732386557
PHL,2011,0.9707525732386557
PHL,2012,0.9707525732386557
PHL,2013,0.9707525732386557
PHL,2014,0.9707525732386557
PHL,2015,0.9707525732386557
PHL,2016,0.9707525732386557
PHL,2017,0.9707525732386557
PHL,2018,0.9707525732386557
PHL,2019,0.9707525732386557
PHL,2020,0.9707525732386557
PHL,2021,0.9707525732386557
PHL,2022,0.9707525732386557
PHL,2023,0.9707525732386557
PHL,2024,0.9707525732386557
PNG,2005,0.0
PNG,2006,0.0
PNG,2007,0.0
PNG,2008,0.0
PNG,2009,0.0
PNG,2010,0.0
PNG,2011,0.0
PNG,2012,0.0
PNG,2013,0.0
PNG,2014,0.0
PNG,2015,0.0
PNG,2016,0.0
PNG,2017,0.0
PNG,2018,0.0
PNG,2019,0.0
PNG,2020,0.0
PNG,2021,0.0
PNG,2022,0.0
PNG,2023,0.0
PNG,2024,0.0
POL,2005,0.02839618613673654
POL,2006,0.03347427544134214
POL,2007,0.03347427544134214
POL,2008,0.03545469626533362
POL,2009,0.03545469626533362
POL,2010,0.03545469626533362
POL,2011,0.15822439690075657
POL,2012,0.1582960410701312
POL,2013,0.16498796754626366
POL,2014,0.16725061154661566
POL,2015,0.16725061154661566
POL,2016,0.17394194662894424
POL,2017,0.34123772606674424
POL,2018,0.342549597788444
POL,2019,0.38633641152103304
POL,2020,0.38633641152103304
POL,2021,0.38633641152103304
POL,2022,0.38633641152103304
POL,2023,0.38633641152103304
POL,2024,0.38633641152103304
PRK,2005,0.0
PRK,2006,0.0
PRK,2007,0.0
PRK,2008,0.0
PRK,2009,0.0
PRK,2010,0.0
PRK,2011,0.0
PRK,2012,0.0
PRK,2013,0.0
PRK,2014,0.0
PRK,2015,0.0
PRK,2016,0.0
PRK,2017,0.0
PRK,2018,0.0
PRK,2019,0.0
PRK,2020,0.0
PRK,2021,0.0
PRK,2022,0.0
PRK,2023,0.0
PRK,2024,0.0
PRT,2005,0.062064855002068306
PRT,2006,0.07043645100660892
PRT,2007,0.07043645100660892
PRT,2008,0.07065467836840289
PRT,2009,0.07065467836840289
PRT,2010,0.07065467836840289
PRT,2011,0.08967696984403506
PRT,2012,0.08968346010279933
PRT,2013,0.09402256550008048
PRT,2014,0.09590527176482586
PRT,2015,0.09590527176482586
PRT,2016,0.09821339128836921
PRT,2017,0.1565531618139143
PRT,2018,0.1569065211088916
PRT,2019,0.2342426438771741
PRT,2020,0.2342426438771741
PRT,2021,0.2342426438771741
PRT,2022,0.2342426438771741
PRT,2023,0.2342426438771741
PRT,2024,0.2342426438771741
PRY,2005,0.0
PRY,2006,0.0
PRY,2007,0.0
PRY,2008,0.0
PRY,2009,0.0
PRY,2010,0.0
PRY,2011,0.0
PRY,2012,0.0
PRY,2013,0.0
PRY,2014,0.0
PRY,2015,0.0
PRY,2016,0.0
PRY,2017,0.0
PRY,2018,0.0
PRY,2019,0.0
PRY,2020,0.0
PRY,2021,0.0
PRY,2022,0.0
PRY,2023,0.0
PRY,2024,0.0
PSE,2005,0.05500463193859263
PSE,2006,0.05500463193859263
PSE,2007,0.05500463193859263
PSE,2008,0.05500463193859263
PSE,2009,0.05500463193859263
PSE,2010,0.05500463193859263
PSE,2011,0.05500463193859263
PSE,2012,0.05500463193859263
PSE,2013,0.05500463193859263
PSE,2014,0.05500463193859263
PSE,2015,0.05500463193859263
PSE,2016,0.05500463193859263
PSE,2017,0.05500463193859263
PSE,2018,0.05500463193859263
PSE,2019,0.05500463193859263
PSE,2020,0.05500463193859263
PSE,2021,0.05500463193859263
PSE,2022,0.05500463193859263
PSE,2023,0.05500463193859263
PSE,2024,0.05500463193859263
PYF,2005,0.0
PYF,2006,0.0
PYF,2007,0.0
PYF,2008,0.0
PYF,2009,0.0
PYF,2010,0.0
PYF,2011,0.0
PYF,2012,0.0
PYF,2013,0.0
PYF,2014,0.0
PYF,2015,0.0
PYF,2016,0.0
PYF,2017,0.0
PYF,2018,0.0
PYF,2019,0.0
PYF,2020,0.0
PYF,2021,0.0
PYF,2022,0.0
PYF,2023,0.0
PYF,2024,0.0
QAT,2005,0.0
QAT,2006,0.0
QAT,2007,0.0
QAT,2008,0.0
QAT,2009,0.0
QAT,2010,0.0
QAT,2011,0.0
QAT,2012,0.0
QAT,2013,0.0
QAT,2014,0.0
QAT,2015,0.0
QAT,2016,0.0
QAT,2017,0.0
QAT,2018,0.0
QAT,2019,0.0
QAT,2020,0.0
QAT,2021,0.0
QAT,2022,0.0
QAT,2023,0.0
QAT,2024,0.0
ROU,2005,0.2658037803993995
ROU,2006,0.3889912042110123
ROU,2007,0.3889912042110123
ROU,2008,0.39075368190505616
ROU,2009,0.39075368190505616
ROU,2010,0.39075368190505616
ROU,2011,0.5121089486456201
ROU,2012,0.5122007604447821
ROU,2013,0.6587544084499793
ROU,2014,0.9134717331982957
ROU,2015,0.9134717331982957
ROU,2016,1.100567967127356
ROU,2017,1.2724305038107646
ROU,2018,1.2776391072733024
ROU,2019,1.3576878968698178
ROU,2020,1.3576878968698178
ROU,2021,1.3576878968698178
ROU,2022,1.3576878968698178
ROU,2023,1.3576878968698178
ROU,2024,1.3576878968698178
RUS,2005,0.0
RUS,2006,0.0
RUS,2007,0.0
RUS,2008,0.0
RUS,2009,0.0
RUS,2010,0.0
RUS,2011,0.0
RUS,2012,0.0
RUS,2013,0.0
RUS,2014,0.0
RUS,2015,0.0
RUS,2016,0.0
RUS,2017,0.0
RUS,2018,0.0
RUS,2019,0.0
RUS,2020,0.0
RUS,2021,0.0
RUS,2022,0.0
RUS,2023,0.0
RUS,2024,0.0
RWA,2005,0.0
RWA,2006,0.0
RWA,2007,0.0
RWA,2008,0.0
RWA,2009,0.0
RWA,2010,0.0
RWA,2011,0.0
RWA,2012,0.0
RWA,2013,0.0
RWA,2014,0.0
RWA,2015,0.0
RWA,2016,0.0
RWA,2017,0.0
RWA,2018,0.0
RWA,2019,0.0
RWA,2020,0.0
RWA,2021,0.0
RWA,2022,0.0
RWA,2023,0.0
RWA,2024,0.0
SAU,2005,0.0
SAU,2006,0.0
SAU,2007,0.0
SAU,2008,0.0
SAU,2009,0.0
SAU,2010,0.0
SAU,2011,0.0
SAU,2012,0.0
SAU,2013,0.0
SAU,2014,0.0
SAU,2015,0.0
SAU,2016,0.0
SAU,2017,0.0
SAU,2018,0.0
SAU,2019,0.0
SAU,2020,0.0
SAU,2021,0.0
SAU,2022,0.0
SAU,2023,0.0
SAU,2024,0.0
SCG_F,2005,0.0
SCG_F,2006,0.0
SCG_F,2007,0.0
SCG_F,2008,0.0
SCG_F,2009,0.0
SCG_F,2010,0.0
SCG_F,2011,0.0
SCG_F,2012,0.0
SCG_F,2013,0.0
SCG_F,2014,0.0
SCG_F,2015,0.0
SCG_F,2016,0.0
SCG_F,2017,0.0
SCG_F,2018,0.0
SCG_F,2019,0.0
SCG_F,2020,0.0
SCG_F,2021,0.0
SCG_F,2022,0.0
SCG_F,2023,0.0
SCG_F,2024,0.0
SDN,2005,0.0
SDN,2006,0.0
SDN,2007,0.0
SDN,2008,0.0
SDN,2009,0.0
SDN,2010,0.0
SDN,2011,0.0
SDN,2012,0.0
SDN,2013,0.0
SDN,2014,0.0
SDN,2015,0.0
SDN,2016,0.0
SDN,2017,0.0
SDN,2018,0.0
SDN,2019,0.0
SDN,2020,0.0
SDN,2021,0.0
SDN,2022,0.0
SDN,2023,0.0
SDN,2024,0.0
SEN,2005,0.0
SEN,2006,0.0
SEN,2007,0.0
SEN,2008,0.0
SEN,2009,0.0
SEN,2010,0.0
SEN,2011,0.0
SEN,2012,0.0
SEN,2013,0.0
SEN,2014,0.0
SEN,2015,0.0
SEN,2016,0.0
SEN,2017,0.0
SEN,2018,0.0
SEN,2019,0.0
SEN,2020,0.0
SEN,2021,0.0
SEN,2022,0.0
SEN,2023,0.0
SEN,2024,0.0
SGP,2005,4.1298270459425
SGP,2006,4.384064902721395
SGP,2007,4.384064902721395
SGP,2008,4.384064902721395
SGP,2009,4.391429228956985
SGP,2010,4.391429228956985
SGP,2011,4.391429228956985
SGP,2012,4.391429228956985
SGP,2013,4.395230829524603
SGP,2014,4.665772160876534
SGP,2015,4.665772160876534
SGP,2016,4.665772160876534
SGP,2017,5.071834222442555
SGP,2018,5.091788626373112
SGP,2019,5.091788626373112
SGP,2020,6.13730313544314
SGP,2021,6.13730313544314
SGP,2022,6.13730313544314
SGP,2023,6.13730313544314
SGP,2024,6.13730313544314
SLB,2005,0.0
SLB,2006,0.0
SLB,2007,0.0
SLB,2008,0.0
SLB,2009,0.0
SLB,2010,0.0
SLB,2011,0.0
SLB,2012,0.0
SLB,2013,0.0
SLB,2014,0.0
SLB,2015,0.0
SLB,2016,0.0
SLB,2017,0.0
SLB,2018,0.0
SLB,2019,0.0
SLB,2020,0.0
SLB,2021,0.0
SLB,2022,0.0
SLB,2023,0.0
SLB,2024,0.0
SLE,2005,0.0
SLE,2006,0.0
SLE,2007,0.0
SLE,2008,0.0
SLE,2009,0.0
SLE,2010,0.0
SLE,2011,0.0
SLE,2012,0.0
SLE,2013,0.0
SLE,2014,0.0
SLE,2015,0.0
SLE,2016,0.0
SLE,2017,0.0
SLE,2018,0.0
SLE,2019,0.0
SLE,2020,0.0
SLE,2021,0.0
SLE,2022,0.0
SLE,2023,0.0
SLE,2024,0.0
SLV,2005,0.0
SLV,2006,0.02901055817875672
SLV,2007,0.02901055817875672
SLV,2008,0.02901055817875672
SLV,2009,0.02901055817875672
SLV,2010,0.02901055817875672
SLV,2011,0.02901055817875672
SLV,2012,0.02901055817875672
SLV,2013,0.029880167102902096
SLV,2014,0.029880167102902096
SLV,2015,0.029880167102902096
SLV,2016,0.029880167102902096
SLV,2017,0.029880167102902096
SLV,2018,0.029880167102902096
SLV,2019,0.030800334685428015
SLV,2020,0.030800334685428015
SLV,2021,0.030800334685428015
SLV,2022,0.030800334685428015
SLV,2023,0.030800334685428015
SLV,2024,0.030800334685428015
SOM,2005,0.0
SOM,2006,0.0
SOM,2007,0.0
SOM,2008,0.0
SOM,2009,0.0
SOM,2010,0.0
SOM,2011,0.0
SOM,2012,0.0
SOM,2013,0.0
SOM,2014,0.0
SOM,2015,0.0
SOM,2016,0.0
SOM,2017,0.0
SOM,2018,0.0
SOM,2019,0.0
SOM,2020,0.0
SOM,2021,0.0
SOM,2022,0.0
SOM,2023,0.0
SOM,2024,0.0
SRB,2005,0.32781041458401716
SRB,2006,0.32781041458401716
SRB,2007,0.32781041458401716
SRB,2008,0.32781041458401716
SRB,2009,0.32781041458401716
SRB,2010,0.38518374053303944
SRB,2011,0.38518374053303944
SRB,2012,0.38518374053303944
SRB,2013,6.157774240529608
SRB,2014,6.157774240529608
SRB,2015,6.157774240529608
SRB,2016,6.157774240529608
SRB,2017,6.157774240529608
SRB,2018,6.157774240529608
SRB,2019,6.157774240529608
SRB,2020,6.157774240529608
SRB,2021,6.157774240529608
SRB,2022,6.157774240529608
SRB,2023,6.157774240529608
SRB,2024,6.157774240529608
STP,2005,0.0
STP,2006,0.0
STP,2007,0.0
STP,2008,0.0
STP,2009,0.0
STP,2010,0.0
STP,2011,0.0
STP,2012,0.0
STP,2013,0.0
STP,2014,0.0
STP,2015,0.0
STP,2016,0.0
STP,2017,0.0
STP,2018,0.0
STP,2019,0.0
STP,2020,0.0
STP,2021,0.0
STP,2022,0.0
STP,2023,0.0
STP,2024,0.0
SUR,2005,0.0
SUR,2006,0.0
SUR,2007,0.0
SUR,2008,0.0
SUR,2009,0.0
SUR,2010,0.0
SUR,2011,0.0
SUR,2012,0.0
SUR,2013,0.0
SUR,2014,0.0
SUR,2015,0.0
SUR,2016,0.0
SUR,2017,0.0
SUR,2018,0.0
SUR,2019,0.0
SUR,2020,0.0
SUR,2021,0.0
SUR,2022,0.0
SUR,2023,0.0
SUR,2024,0.0
SVK,2005,0.04246941338201257
SVK,2006,0.04722450985943058
SVK,2007,0.04722450985943058
SVK,2008,0.052241749871147124
SVK,2009,0.052241749871147124
SVK,2010,0.052241749871147124
SVK,2011,0.08671629643463954
SVK,2012,0.08672045152538034
SVK,2013,0.1084239051118117
SVK,2014,0.10982094963899862
SVK,2015,0.10982094963899862
SVK,2016,0.11410541424924328
SVK,2017,0.16416315852120011
SVK,2018,0.16466991018519203
SVK,2019,0.32790805696971137
SVK,2020,0.32790805696971137
SVK,2021,0.32790805696971137
SVK,2022,0.32790805696971137
SVK,2023,0.32790805696971137
SVK,2024,0.32790805696971137
SVN,2005,0.04802447232940741
SVN,2006,0.06622909121647348
SVN,2007,0.06622909121647348
SVN,2008,0.20416837154736764
SVN,2009,0.20416837154736764
SVN,2010,0.20416837154736764
SVN,2011,0.26968499897549536
SVN,2012,0.2699308088747283
SVN,2013,0.5446037571009428
SVN,2014,0.5456744972814421
SVN,2015,0.5456744972814421
SVN,2016,0.5490006848407648
SVN,2017,0.5949306820809404
SVN,2018,0.5952887570675468
SVN,2019,0.6573594388244093
SVN,2020,0.6573594388244093
SVN,2021,0.6573594388244093
SVN,2022,0.6573594388244093
SVN,2023,0.6573594388244093
SVN,2024,0.6573594388244093
SWE,2005,0.12198266117185493
SWE,2006,0.1272445951032149
SWE,2007,0.1272445951032149
SWE,2008,0.13051899299200276
SWE,2009,0.13051899299200276
SWE,2010,0.13051899299200276
SWE,2011,0.2712837424691026
SWE,2012,0.2712880074450801
SWE,2013,0.2945497795335007
SWE,2014,0.29761981211877614
SWE,2015,0.29761981211877614
SWE,2016,0.3190933276685601
SWE,2017,0.4100712588028228
SWE,2018,0.41182762685342444
SWE,2019,0.6724047803533054
SWE,2020,0.6724047803533054
SWE,2021,0.6724047803533054
SWE,2022,0.6724047803533054
SWE,2023,0.6724047803533054
SWE,2024,0.6724047803533054
SWZ,2005,0.0
SWZ,2006,0.0
SWZ,2007,0.0
SWZ,2008,0.0
SWZ,2009,0.0
SWZ,2010,0.0
SWZ,2011,0.0
SWZ,2012,0.0
SWZ,2013,0.0
SWZ,2014,0.0
SWZ,2015,0.0
SWZ,2016,0.0
SWZ,2017,0.0
SWZ,2018,0.0
SWZ,2019,0.0
SWZ,2020,0.0
SWZ,2021,0.0
SWZ,2022,0.0
SWZ,2023,0.0
SWZ,2024,0.0
SYC,2005,0.0
SYC,2006,0.0
SYC,2007,0.0
SYC,2008,0.0
SYC,2009,0.0
SYC,2010,0.0
SYC,2011,0.0
SYC,2012,0.0
SYC,2013,0.0
SYC,2014,0.0
SYC,2015,0.0
SYC,2016,0.0
SYC,2017,0.0
SYC,2018,0.0
SYC,2019,0.0
SYC,2020,0.0
SYC,2021,0.0
SYC,2022,0.0
SYC,2023,0.0
SYC,2024,0.0
SYR,2005,0.0
SYR,2006,0.0
SYR,2007,0.07357647223801331
SYR,2008,0.07357647223801331
SYR,2009,0.07357647223801331
SYR,2010,0.07357647223801331
SYR,2011,0.07357647223801331
SYR,2012,0.07357647223801331
SYR,2013,0.07357647223801331
SYR,2014,0.07357647223801331
SYR,2015,0.07357647223801331
SYR,2016,0.07357647223801331
SYR,2017,0.07357647223801331
SYR,2018,0.07357647223801331
SYR,2019,0.07357647223801331
SYR,2020,0.07357647223801331
SYR,2021,0.07357647223801331
SYR,2022,0.07357647223801331
SYR,2023,0.07357647223801331
SYR,2024,0.07357647223801331
TCA,2005,0.0
TCA,2006,0.0
TCA,2007,0.0
TCA,2008,0.0
TCA,2009,0.0
TCA,2010,0.0
TCA,2011,0.0
TCA,2012,0.0
TCA,2013,0.0
TCA,2014,0.0
TCA,2015,0.0
TCA,2016,0.0
TCA,2017,0.0
TCA,2018,0.0
TCA,2019,0.0
TCA,2020,0.0
TCA,2021,0.0
TCA,2022,0.0
TCA,2023,0.0
TCA,2024,0.0
TCD,2005,0.0
TCD,2006,0.0
TCD,2007,0.0
TCD,2008,0.0
TCD,2009,0.0
TCD,2010,0.0
TCD,2011,0.0
TCD,2012,0.0
TCD,2013,0.0
TCD,2014,0.0
TCD,2015,0.0
TCD,2016,0.0
TCD,2017,0.0
TCD,2018,0.0
TCD,2019,0.0
TCD,2020,0.0
TCD,2021,0.0
TCD,2022,0.0
TCD,2023,0.0
TCD,2024,0.0
TGO,2005,0.0
TGO,2006,0.0
TGO,2007,0.0
TGO,2008,0.0
TGO,2009,0.0
TGO,2010,0.0
TGO,2011,0.0
TGO,2012,0.0
TGO,2013,0.0
TGO,2014,0.0
TGO,2015,0.0
TGO,2016,0.0
TGO,2017,0.0
TGO,2018,0.0
TGO,2019,0.0
TGO,2020,0.0
TGO,2021,0.0
TGO,2022,0.0
TGO,2023,0.0
TGO,2024,0.0
THA,2005,0.2153291886706187
THA,2006,0.2153291886706187
THA,2007,1.2532364077024285
THA,2008,1.2532364077024285
THA,2009,1.2532364077024285
THA,2010,1.2532364077024285
THA,2011,1.2532364077024285
THA,2012,1.2532364077024285
THA,2013,1.2532364077024285
THA,2014,1.2532364077024285
THA,2015,1.2728540414299594
THA,2016,1.2728540414299594
THA,2017,1.2728540414299594
THA,2018,1.2728540414299594
THA,2019,1.2728540414299594
THA,2020,1.2728540414299594
THA,2021,1.2728540414299594
THA,2022,1.2728540414299594
THA,2023,1.2728540414299594
THA,2024,1.2728540414299594
TJK,2005,0.0
TJK,2006,0.0
TJK,2007,0.0
TJK,2008,0.0
TJK,2009,0.0
TJK,2010,0.0
TJK,2011,0.0
TJK,2012,0.0
TJK,2013,0.0
TJK,2014,0.0
TJK,2015,0.0
TJK,2016,0.0
TJK,2017,0.0
TJK,2018,0.0
TJK,2019,0.0
TJK,2020,0.0
TJK,2021,0.0
TJK,2022,0.0
TJK,2023,0.0
TJK,2024,0.0
TKM,2005,0.0
TKM,2006,0.0
TKM,2007,0.0
TKM,2008,0.0
TKM,2009,0.0
TKM,2010,0.0
TKM,2011,0.0
TKM,2012,0.0
TKM,2013,0.0
TKM,2014,0.0
TKM,2015,0.0
TKM,2016,0.0
TKM,2017,0.0
TKM,2018,0.0
TKM,2019,0.0
TKM,2020,0.0
TKM,2021,0.0
TKM,2022,0.0
TKM,2023,0.0
TKM,2024,0.0
TLS,2005,0.0
TLS,2006,0.0
TLS,2007,0.0
TLS,2008,0.0
TLS,2009,0.0
TLS,2010,0.0
TLS,2011,0.0
TLS,2012,0.0
TLS,2013,0.0
TLS,2014,0.0
TLS,2015,0.0
TLS,2016,0.0
TLS,2017,0.0
TLS,2018,0.0
TLS,2019,0.0
TLS,2020,0.0
TLS,2021,0.0
TLS,2022,0.0
TLS,2023,0.0
TLS,2024,0.0
TON,2005,0.0
TON,2006,0.0
TON,2007,0.0
TON,2008,0.0
TON,2009,0.0
TON,2010,0.0
TON,2011,0.0
TON,2012,0.0
TON,2013,0.0
TON,2014,0.0
TON,2015,0.0
TON,2016,0.0
TON,2017,0.0
TON,2018,0.0
TON,2019,0.0
TON,2020,0.0
TON,2021,0.0
TON,2022,0.0
TON,2023,0.0
TON,2024,0.0
TTO,2005,0.0
TTO,2006,0.0
TTO,2007,0.0
TTO,2008,0.0
TTO,2009,0.0
TTO,2010,0.0
TTO,2011,0.0
TTO,2012,0.0
TTO,2013,0.0
TTO,2014,0.0
TTO,2015,0.0
TTO,2016,0.0
TTO,2017,0.0
TTO,2018,0.0
TTO,2019,0.0
TTO,2020,0.0
TTO,2021,0.0
TTO,2022,0.0
TTO,2023,0.0
TTO,2024,0.0
TUN,2005,0.01729087187479428
TUN,2006,0.01729087187479428
TUN,2007,0.01729087187479428
TUN,2008,0.01729087187479428
TUN,2009,0.01729087187479428
TUN,2010,0.01729087187479428
TUN,2011,0.01729087187479428
TUN,2012,0.01729087187479428
TUN,2013,0.01729087187479428
TUN,2014,0.01729087187479428
TUN,2015,0.01729087187479428
TUN,2016,0.01729087187479428
TUN,2017,0.01729087187479428
TUN,2018,0.01729087187479428
TUN,2019,0.01729087187479428
TUN,2020,0.01729087187479428
TUN,2021,0.01729087187479428
TUN,2022,0.01729087187479428
TUN,2023,0.01729087187479428
TUN,2024,0.01729087187479428
TUR,2005,0.04201015260967517
TUR,2006,0.04201015260967517
TUR,2007,0.044474336475883364
TUR,2008,0.044474336475883364
TUR,2009,0.044474336475883364
TUR,2010,0.05977002394327466
TUR,2011,0.06644733719953955
TUR,2012,0.06644733719953955
TUR,2013,0.07545244860717291
TUR,2014,0.07545244860717291
TUR,2015,0.10211590782864821
TUR,2016,0.1041112587530445
TUR,2017,0.21786923719688714
TUR,2018,0.21786923719688714
TUR,2019,0.21786923719688714
TUR,2020,0.21786923719688714
TUR,2021,0.21786923719688714
TUR,2022,0.21786923719688714
TUR,2023,0.21786923719688714
TUR,2024,0.21786923719688714
TUV,2005,0.0
TUV,2006,0.0
TUV,2007,0.0
TUV,2008,0.0
TUV,2009,0.0
TUV,2010,0.0
TUV,2011,0.0
TUV,2012,0.0
TUV,2013,0.0
TUV,2014,0.0
TUV,2015,0.0
TUV,2016,0.0
TUV,2017,0.0
TUV,2018,0.0
TUV,2019,0.0
TUV,2020,0.0
TUV,2021,0.0
TUV,2022,0.0
TUV,2023,0.0
TUV,2024,0.0
TWN,2005,0.005764977267267456
TWN,2006,0.006944274694094126
TWN,2007,0.006944274694094126
TWN,2008,0.007547711547085353
TWN,2009,0.007547711547085353
TWN,2010,0.007547711547085353
TWN,2011,0.007547711547085353
TWN,2012,0.007547711547085353
TWN,2013,0.028512529501733903
TWN,2014,1.0390326502722194
TWN,2015,1.0390326502722194
TWN,2016,1.0390326502722194
TWN,2017,1.0390326502722194
TWN,2018,1.0390326502722194
TWN,2019,1.0390326502722194
TWN,2020,1.0390326502722194
TWN,2021,1.0390326502722194
TWN,2022,1.0390326502722194
TWN,2023,1.0390326502722194
TWN,2024,1.0390326502722194
TZA,2005,0.0
TZA,2006,0.0
TZA,2007,0.0
TZA,2008,0.0
TZA,2009,0.0
TZA,2010,0.0
TZA,2011,0.0
TZA,2012,0.0
TZA,2013,0.0
TZA,2014,0.0
TZA,2015,0.0
TZA,2016,0.0
TZA,2017,0.0
TZA,2018,0.0
TZA,2019,0.0
TZA,2020,0.0
TZA,2021,0.0
TZA,2022,0.0
TZA,2023,0.0
TZA,2024,0.0
UGA,2005,0.0
UGA,2006,0.0
UGA,2007,0.0
UGA,2008,0.0
UGA,2009,0.0
UGA,2010,0.0
UGA,2011,0.0
UGA,2012,0.0
UGA,2013,0.0
UGA,2014,0.0
UGA,2015,0.0
UGA,2016,0.0
UGA,2017,0.0
UGA,2018,0.0
UGA,2019,0.0
UGA,2020,0.0
UGA,2021,0.0
UGA,2022,0.0
UGA,2023,0.0
UGA,2024,0.0
UKR,2005,0.005769220811620704
UKR,2006,0.005769220811620704
UKR,2007,0.005769220811620704
UKR,2008,0.005769220811620704
UKR,2009,0.005769220811620704
UKR,2010,0.005769220811620704
UKR,2011,0.005769220811620704
UKR,2012,0.005769220811620704
UKR,2013,0.005769220811620704
UKR,2014,0.005769220811620704
UKR,2015,0.005769220811620704
UKR,2016,0.005769220811620704
UKR,2017,3.791807331468181
UKR,2018,3.791807331468181
UKR,2019,3.791807331468181
UKR,2020,3.791807331468181
UKR,2021,3.791807331468181
UKR,2022,3.791807331468181
UKR,2023,3.791807331468181
UKR,2024,3.791807331468181
URY,2005,0.17044002066575276
URY,2006,0.17044002066575276
URY,2007,0.17044002066575276
URY,2008,0.17044002066575276
URY,2009,0.17044002066575276
URY,2010,0.17044002066575276
URY,2011,0.17044002066575276
URY,2012,0.17044002066575276
URY,2013,0.17044002066575276
URY,2014,0.17044002066575276
URY,2015,0.17044002066575276
URY,2016,0.17044002066575276
URY,2017,0.17044002066575276
URY,2018,0.3448118249087647
URY,2019,0.3448118249087647
URY,2020,0.3448118249087647
URY,2021,0.3448118249087647
URY,2022,0.3448118249087647
URY,2023,0.3448118249087647
URY,2024,0.3448118249087647
USA,2005,2.9672866324399636
USA,2006,2.9859726781980065
USA,2007,2.9859726781980065
USA,2008,2.9859726781980065
USA,2009,3.0169716735546794
USA,2010,3.0169716735546794
USA,2011,3.0169716735546794
USA,2012,3.4757559928757957
USA,2013,3.4757559928757957
USA,2014,3.4757559928757957
USA,2015,3.4757559928757957
USA,2016,3.4757559928757957
USA,2017,3.4757559928757957
USA,2018,3.4757559928757957
USA,2019,3.4757559928757957
USA,2020,4.176349107939553
USA,2021,4.176349107939553
USA,2022,4.176349107939553
USA,2023,4.176349107939553
USA,2024,4.176349107939553
UZB,2005,0.0
UZB,2006,0.0
UZB,2007,0.0
UZB,2008,0.0
UZB,2009,0.0
UZB,2010,0.0
UZB,2011,0.0
UZB,2012,0.0
UZB,2013,0.0
UZB,2014,0.0
UZB,2015,0.0
UZB,2016,0.0
UZB,2017,0.0
UZB,2018,0.0
UZB,2019,0.0
UZB,2020,0.0
UZB,2021,0.0
UZB,2022,0.0
UZB,2023,0.0
UZB,2024,0.0
VCT,2005,0.0
VCT,2006,0.0
VCT,2007,0.0
VCT,2008,0.0
VCT,2009,0.0
VCT,2010,0.0
VCT,2011,0.0
VCT,2012,0.0
VCT,2013,0.0
VCT,2014,0.0
VCT,2015,0.0
VCT,2016,0.0
VCT,2017,0.0
VCT,2018,0.0
VCT,2019,0.0
VCT,2020,0.0
VCT,2021,0.0
VCT,2022,0.0
VCT,2023,0.0
VCT,2024,0.0
VEN,2005,0.0
VEN,2006,0.0
VEN,2007,0.0
VEN,2008,0.0
VEN,2009,0.0
VEN,2010,0.0
VEN,2011,0.0
VEN,2012,0.0
VEN,2013,0.0
VEN,2014,0.0
VEN,2015,0.0
VEN,2016,0.0
VEN,2017,0.0
VEN,2018,0.0
VEN,2019,0.0
VEN,2020,0.0
VEN,2021,0.0
VEN,2022,0.0
VEN,2023,0.0
VEN,2024,0.0
VNM,2005,0.5157190575473214
VNM,2006,0.5157190575473214
VNM,2007,0.5157190575473214
VNM,2008,0.5157190575473214
VNM,2009,1.776384616382384
VNM,2010,1.776384616382384
VNM,2011,1.776384616382384
VNM,2012,1.776384616382384
VNM,2013,1.776384616382384
VNM,2014,1.776384616382384
VNM,2015,1.899902059897793
VNM,2016,1.899902059897793
VNM,2017,1.899902059897793
VNM,2018,1.899902059897793
VNM,2019,1.899902059897793
VNM,2020,1.899902059897793
VNM,2021,1.899902059897793
VNM,2022,1.899902059897793
VNM,2023,1.899902059897793
VNM,2024,1.899902059897793
VUT,2005,0.0
VUT,2006,0.0
VUT,2007,0.0
VUT,2008,0.0
VUT,2009,0.0
VUT,2010,0.0
VUT,2011,0.0
VUT,2012,0.0
VUT,2013,0.0
VUT,2014,0.0
VUT,2015,0.0
VUT,2016,0.0
VUT,2017,0.0
VUT,2018,0.0
VUT,2019,0.0
VUT,2020,0.0
VUT,2021,0.0
VUT,2022,0.0
VUT,2023,0.0
VUT,2024,0.0
WSM,2005,0.0
WSM,2006,0.0
WSM,2007,0.0
WSM,2008,0.0
WSM,2009,0.0
WSM,2010,0.0
WSM,2011,0.0
WSM,2012,0.0
WSM,2013,0.0
WSM,2014,0.0
WSM,2015,0.0
WSM,2016,0.0
WSM,2017,0.0
WSM,2018,0.0
WSM,2019,0.0
WSM,2020,0.0
WSM,2021,0.0
WSM,2022,0.0
WSM,2023,0.0
WSM,2024,0.0
YEM,2005,0.0
YEM,2006,0.0
YEM,2007,0.0
YEM,2008,0.0
YEM,2009,0.0
YEM,2010,0.0
YEM,2011,0.0
YEM,2012,0.0
YEM,2013,0.0
YEM,2014,0.0
YEM,2015,0.0
YEM,2016,0.0
YEM,2017,0.0
YEM,2018,0.0
YEM,2019,0.0
YEM,2020,0.0
YEM,2021,0.0
YEM,2022,0.0
YEM,2023,0.0
YEM,2024,0.0
ZAF,2005,0.0
ZAF,2006,0.0
ZAF,2007,0.0
ZAF,2008,0.0
ZAF,2009,0.0
ZAF,2010,0.0
ZAF,2011,0.0
ZAF,2012,0.0
ZAF,2013,0.0
ZAF,2014,0.0
ZAF,2015,0.0
ZAF,2016,0.0
ZAF,2017,0.0
ZAF,2018,0.0
ZAF,2019,0.0
ZAF,2020,0.0
ZAF,2021,0.0
ZAF,2022,0.0
ZAF,2023,0.0
ZAF,2024,0.0
ZMB,2005,0.0
ZMB,2006,0.0
ZMB,2007,0.0
ZMB,2008,0.0
ZMB,2009,0.0
ZMB,2010,0.0
ZMB,2011,0.0
ZMB,2012,0.0
ZMB,2013,0.0
ZMB,2014,0.0
ZMB,2015,0.0
ZMB,2016,0.0
ZMB,2017,0.0
ZMB,2018,0.0
ZMB,2019,0.0
ZMB,2020,0.0
ZMB,2021,0.0
ZMB,2022,0.0
ZMB,2023,0.0
ZMB,2024,0.0
ZWE,2005,0.0
ZWE,2006,0.0
ZWE,2007,0.0
ZWE,2008,0.0
ZWE,2009,0.0
ZWE,2010,0.0
ZWE,2011,0.0
ZWE,2012,0.0
ZWE,2013,0.0
ZWE,2014,0.0
ZWE,2015,0.0
ZWE,2016,0.0
ZWE,2017,0.0
ZWE,2018,0.0
ZWE,2019,0.0
ZWE,2020,0.0
ZWE,2021,0.0
ZWE,2022,0.0
ZWE,2023,0.0
ZWE,2024,0.0
